Store Number,Address,City,State,Zip Code,Phone Number
1, 1515 WEST COUNTY RD_B,ROSEVILLE,MN,55113,(651) 631−0330 0551
2, 8900 HIGHWAY 7,ST. LOUIS PARK,MN,55426,(952) 935−6941 0551
3, 5537 WEST BROADWAY,CRYSTAL,MN,55428,(763) 533−2231 0551
4, 1902 MILLER TRUNK HIGHWAY,DULUTH,MN,55811,(218) 727−8851 0551
5, 2555 WEST 79 STREET,BLOOMINGTON,MN,55431,(952) 888−7701 0551
6, 4301 VIRGINIA AVE,GLENDALE,CO,80222,(303) 399−0890 0554
7, 1655 OWENS STREET,LAKEWOOD,CO,80215,(303) 238−7551 0554
8, 755 53RD AVENUE NE,FRIDLEY,MN,55421,(763) 571−9361 0551
9, 1776 SOUTH ROBERTS ST,WEST ST. PAUL,MN,55118,(651) 455−6671 0551
11, 5252 LINDBERGH BLVD SO,ST LOUIS,MO,63126,(314) 842−2000 0552
12, 12275 ST CHARLES ROCK RD.,BRIDGETON,MO,63044,(314) 291−0600 0552
13, 13131 MONTFORT DRIVE,DALLAS,TX,75240,(972) 239−8161 0578
14, 1122 W CENTERVILLE RD,GARLAND,TX,75041,(972) 279−6711 0578
16, 7051 SOUTHWEST FREEWAY,HOUSTON,TX,77074,(713) 771−8321 0578
17, 9429 KATY FREEWAY,HOUSTON,TX,77024,(281) 464−9461 0578
18, 335 NO ACADEMY BLVD,COLORADO SPRINGS,CO,80909,(719) 596−6220 0554
19, 1701 SOUTH YALE,TULSA,OK,74112,(918) 744−1701 0552
21, 10000 KLECKLEY STREET,HOUSTON,TX,77075,(713) 941−3800 0578
24, 4777 SOUTH 27TH STREET,GREENFIELD,WI,53221,(414) 282−1000 0557
25, 3900 NORTH 124TH ST,WAUWATOSA,WI,53222,(414) 466−8400 0557
26, 15025 MANCHESTER ROAD,BALLWIN,MO,63011,(636) 391−7500 0552
29, 2309 EUCLID AVENUE,DES MOINES,IA,50310,(515) 274−4711 0557
33, 4501 FIRST AVENUE SE,CEDAR RAPIDS,IA,52402,(319) 393−9500 0557
36, 360 N. SADDLE CREEK RD,OMAHA,NE,68131,(402) 553−8611 0554
40, 10301 NORTH WASHINGTON,THORNTON,CO,80229,(303) 452−4500 0554
41, 2155 S SHERIDAN BLVD,DENVER,CO,80227,(303) 986−2261 0554
43, 5400 NORTH MAY AVENUE,OKLAHOMA CITY,OK,73112,(405) 947−6761 0552
44, 800 SW 44TH STREET,OKLAHOMA CITY,OK,73109,(405) 631−4411 0552
45, 7601 EAST RENO,MIDWEST CITY,OK,73110,(405) 737−8911 0552
46, 2417 WEST MAIN STREET,NORMAN,OK,73069,(405) 329−7400 0552
47, 7000 YORK AVENUE SOUTH,EDINA,MN,55435,(952) 925−4610 0551
48, 7899 WADSWORTH BLVD,ARVADA,CO,80003,(303) 425−0124 0554
49, 1200 SOUTH ABILENE ST,AURORA,CO,80012,(303) 751−7900 0554
50, 2600 SOUTH 108 STREET,WEST ALLIS,WI,53227,(414) 545−8000 0557
51, 4255 HAMPTON AVENUE,ST LOUIS,MO,63109,(314) 481−9100 0552
52, 2500 EAST LAKE STREET,MINNEAPOLIS,MN,55406,(612) 721−5701 0551
53, 4701 FM 1960 WEST,HOUSTON,TX,77069,(281) 444−0600 0578
55, 212 MEDALLION CENTER,DALLAS,TX,75214,(214) 361−2026 0578
56, 810 WEST COUNTY ROAD 42,BURNSVILLE,MN,55337,(952) 435−8611 0551
57, 8501 W BROWN DEER RD,MILWAUKEE,WI,53224,(414) 355−6000 0557
59, 12990 WEST CENTER ROAD,OMAHA,NE,68144,(402) 334−5940 0554
60, 10040 NEW F.M.1960,HUMBLE,TX,77338,(281) 446−1181 0578
61, 4202 13TH AVE SOUTH,FARGO,ND,58103,(701) 282−7400 0551
62, 2800 COLUMBIA ROAD S.,GRAND FORKS,ND,58201,0551
63, 7178 SOUTH MEMORIAL DR,TULSA,OK,74133,(918) 252−1621 0552
64, 2800 PEARL STREET,BOULDER,CO,80301,(303) 449−3400 0554
65, 10785 LINCOLN TRAIL,FAIRVIEW HEIGHTS,IL,62208,(618) 398−7300 0552
67, 120 WEST PARKER ROAD,PLANO,TX,75075,(972) 424−9575 0578
68, 1744 SUBURBAN AVENUE,ST. PAUL,MN,55106,(651) 778−1188 0557
69, 1800 35TH STREET,WEST DES MOINES,IA,50266,(515) 225−3784 0557
71, 5020 SOUTH HULEN ST.,FORT WORTH,TX,76132,0578
74, 2600 CHERRY LANE,FORT WORTH,TX,76116,(817) 244−9350 0578
75, 10801 WESTHEIMER ROAD,HOUSTON,TX,77042,(713) 782−9950 0578
76, 3600 SOUTH LOUISE AVE,SIOUX FALLS,SD,57106,(605) 361−1551 0551
77, 3750 WILLIAMS BLVD SW,CEDAR RAPIDS,IA,52404,0557
78, 300 E HOMER M ADAMS PKWY,ALTON,IL,62002,(618) 465−4950 0552
79, 105 TROUTMAN PARKWAY,FORT COLLINS,CO,80525,(970) 223−9100 0554
80, 4317 KEMP BOULEVARD,WICHITA FALLS,TX,76308,(940) 691−3310 0578
81, 800 KIRKWOOD PLAZA,BISMARCK,ND,58504,(701) 222−8500 0551
82, 2401 KOSSOW ROAD,WAUKESHA,WI,53186,(262) 784−8646 0557
83, 7302 UNIVERSITY AVE,LUBBOCK,TX,79423,(806) 745−7579 0578
84, 2620 JOSEY LANE,CARROLLTON,TX,75007,(972) 245−7526 0578
85, 2400 10TH ST S.W.,MINOT,ND,58701,(701) 852−5820 0551
86, 3500 DODGE ST.,DUBUQUE,IA,52003,(563) 557−9800 0557
87, 4340 SERGEANT ROAD,SIOUX CITY,IA,51106,(712) 276−0220 0557
90, 601 COLONIAL ROAD,MEMPHIS,TN,38117,(901) 685−9240 0552
91, 404 SOUTH TRACY,WICHITA,KS,67209,(316) 945−5021 0552
92, 301 SOUTH ARMOUR,WICHITA,KS,67207,(316) 688−1556 0552
93, 2424 US 6−50,GRAND JUNCTION,CO,81505,(970) 245−8056 0554
94, 2200 NORTH MAPLE AVENUE,RAPID CITY,SD,57701,(605) 348−9020 0554
95, 8601 RESEARCH BOULEVARD,AUSTIN,TX,78758,(512) 837−5163 0578
96, 2300 WEST BEN WHITE,AUSTIN,TX,78704,(512) 445−2266 0578
97, 3900 SPENCER HIGHWAY,PASADENA,TX,77504,(713) 943−7700 0578
100, 13201 RIDGEDALE DRIVE,MINNETONKA,MN,55305,(952) 542−8250 0551
102, 154 WEST HIVELY,ELKHART,IN,46517,(219) 293−2550 0559
103, 3700 SOUTH EAST STREET,INDIANAPOLIS,IN,46227,(317) 787−9357 0559
105, 4401 NATIONAL ROAD EAST,RICHMOND,IN,47374,(765) 962−6591 0559
106, 730 SOUTH GREEN RIVER RD,EVANSVILLE,IN,47715,(812) 477−6411 0552
107, 5501 SCATTERFIELD ROAD,ANDERSON,IN,46013,(765) 649−2521 0559
108, 4000 FIRST AVENUE,EVANSVILLE,IN,47710,(812) 426−2218 0552
111, 1037 SOUTH REED ROAD,KOKOMO,IN,46902,(765) 457−7577 0559
112, 1300 EAST 86TH STREET,INDIANAPOLIS,IN,46240,(317) 846−7731 0559
113, 601 COLLEGE MALL ROAD,BLOOMINGTON,IN,47401,(812) 332−4487 0559
114, 3801 COLDWATER ROAD,FORT WAYNE,IN,46805,(219) 484−9591 0559
115, 7601 SOUTH ANTHONY BLVD,FORT WAYNE,IN,46816,(219) 447−2511 0559
117, 3512 EAST CEDAR,SOUTH BEND,IN,46615,(219) 289−7041 0559
118, 4174 WESTPORT ROAD,LOUISVILLE,KY,40207,(502) 897−2576 0552
119, 1500 GREENTREE BLVD,CLARKSVILLE,IN,47129,(812) 282−8446 0552
120, 9070 DIXIE HIGHWAY,LOUISVILLE,KY,40258,(502) 933−1315 0552
121, 2985 NORTH NATIONAL ROAD,COLUMBUS,IN,47201,(812) 372−0216 0559
124, 2034 BASHFORD MANOR LN,LOUISVILLE,KY,40218,(502) 459−9565 0552
126, 7100 PRESTON HIGHWAY,LOUISVILLE,KY,40219,(502) 968−5365 0552
128, 1112 SCOTTSDALE MALL RD,SOUTH BEND,IN,46614,(219) 291−7244 0559
130, 8811 HARDEGAN STREET,INDIANAPOLIS,IN,46227,(317) 882−9311 0559
133, 5302 NORTH KEYSTONE,INDIANAPOLIS,IN,46220,(317) 257−6525 0559
134, 6119 STELLHORN ROAD,FORT WAYNE,IN,46815,(219) 485−9636 0559
137, 301 SOUTH VETERANS PKWY,NORMAL,IL,61761,(309) 454−5648 0559
138, 311 SOUTH BLVD,CRAWFORDSVILLE,IN,47933,(765) 362−9370 0559
139, 2209 STATE STREET,NEW ALBANY,IN,47150,(812) 945−5046 0552
141, 4000 WEST BETHEL AVENUE,MUNCIE,IN,47304,(765) 286−5144 0559
143, 5620 JOHNSTON STREET,LAFAYETTE,LA,70503,(337) 988−0300 0552
144, 2050 NORTH GALLATIN ROAD,MADISON,TN,37115,(615) 859−5260 0580
145, 5330 CANE RIDGE ROAD,ANTIOCH,TN,37013,(615) 731−6340 0580
146, 26 WHITE BRIDGE ROAD,NASHVILLE,TN,37205,(615) 352−8461 0580
147, 6767 SOUTH CLINTON,ENGLEWOOD,CO,80112,(303) 790−2583 0554
148, 7801 SOUTH MAIN,HOUSTON,TX,77030,0578
149, 3700 HICKORY HILL ROAD,MEMPHIS,TN,38115,(901) 363−0070 0552
150, 5101 NE BROADWAY,KNOXVILLE,TN,37918,(615) 689−6003 0580
151, 8040 RAY MEARS BLVD,KNOXVILLE,TN,37919,(865) 693−2203 0580
152, 5300 DURAND,RACINE,WI,53406,(262) 554−6998 0557
153, 1501 EAST SAN MARNAN DR,WATERLOO,IA,50702,0557
154, 5240 NORTH ACADEMY BLVD.,COLORADO SPRINGS,CO,80918,(719) 594−9600 0554
155, 601 WEST STATE HWY. 6,WACO,TX,76710,(254) 776−8790 0578
157, 1425 BAY AREA BLVD,WEBSTER,TX,77598,(281) 338−1514 0578
158, 5850 EASTEX FREEWAY,BEAUMONT,TX,77708,(409) 898−8270 0578
159, 9390 WEST CROSS DRIVE,LITTLETON,CO,80123,0554
160, 1300 UNIVERSITY AVENUE,ST. PAUL,MN,55104,(651) 642−1146 0551
161, 10701 JONES ROAD,HOUSTON,TX,77065,(281) 890−8440 0578
162, 4000 MCCAIN BLVD,N LITTLE ROCK,AR,72116,(501) 771−4220 0552
164, 401 WYOMING BLVD. S.E.,CASPER,WY,82609,(307) 265−8214 0554
167, 2206 MEMORIAL DRIVE,ALEXANDRIA,LA,71301,(318) 448−4351 0552
168, 3212 JUPITER ROAD,GARLAND,TX,75044,(972) 530−1177 0578
170, 3900 NORTH HWY 52,ROCHESTER,MN,55901,0551
171, 2601 CENTRAL AVENUE,BILLINGS,MT,59102,(406) 652−5430 0554
173, 2643 NW. LOOP 410,SAN ANTONIO,TX,78230,(210) 349−1412 0578
174, 8215 MARBACH ROAD,SAN ANTONIO,TX,78227,(210) 675−3990 0578
175, 5776 STEMMONS DRIVE,SAN ANTONIO,TX,78238,(210) 681−8610 0578
176, 13700 SAN PEDRO AVENUE,SAN ANTONIO,TX,78232,(210) 496−6800 0578
177, 5330 WALZEM ROAD,SAN ANTONIO,TX,78218,(210) 655−2022 0578
178, 66 S DOBSON RD,MESA,AZ,85202,(480) 890−1991 0554
179, 5255 EAST BROADWAY,TUCSON,AZ,85711,(520) 745−8001 0553
180, 701 WEST BROADWAY,MINNEAPOLIS,MN,55411,(612) 588−7581 0551
181, 250 WEST ESPLANADE DRIVE,OXNARD,CA,93030,(805) 983−1411 0555
182, 8999 BALBOA BLVD.,NORTHRIDGE,CA,91325,(818) 993−4141 0555
183, 9725 LAUREL CANYON BLVD.,PACOIMA,CA,91331,(818) 896−8214 0555
184, 2120 WEST MAIN STREET,ALHAMBRA,CA,91801,(626) 308−3290 0555
186, 1333 NORTH MOUNTAIN AVE.,ONTARIO,CA,91762,(909) 983−0919 0553
188, 499 ORANGE SHOW ROAD,SAN BERNARDINO,CA,92408,(909) 381−3391 0555
189, 5600 EAST WHITTIER BLVD.,LOS ANGELES,CA,90022,(323) 725−1121 0555
190, 5700 FIRESTONE BLVD.,SOUTH GATE,CA,90280,(562) 806−2911 0553
191, 1881 WEST LINCOLN AVENUE,ANAHEIM,CA,92801,(714) 999−0606 0553
192, 12100 HARBOR BLVD.,GARDEN GROVE,CA,92640,(714) 971−4826 0553
193, 13831 BROOKHURST STREET,GARDEN GROVE,CA,92843,(714) 534−2142 0553
194, 9882 ADAMS AVENUE,HUNTINGTON BEACH,CA,92646,(714) 964−8008 0553
195, 2270 N. BELLFLOWER BLVD.,LONG BEACH,CA,90815,(562) 493−5411 0553
196, 3705 EAST SOUTH STREET,LONG BEACH,CA,90805,(562) 633−8171 0553
198, 10820 JEFFERSON BLVD.,CULVER CITY,CA,90230,(310) 839−5200 0553
199, 1200 NORTH SEPULVEDA BLVD,MANHATTAN BEACH,CA,90266,(310) 546−5601 0553
200, 3433 SEPULVEDA BLVD.,TORRANCE,CA,90505,(310) 214−1561 0553
201, 3245 SPORTS ARENA BLVD.,SAN DIEGO,CA,92110,(619) 223−2491 0553
202, 5454 BALBOA AVENUE,SAN DIEGO,CA,92111,(858) 576−0811 0553
203, 1240 BROADWAY,CHULA VISTA,CA,91911,(619) 425−3850 0553
204, 40 NORTH 4TH AVENUE,CHULA VISTA,CA,91910,(619) 425−5120 0553
205, 8001 OTHELLO AVENUE,SAN DIEGO,CA,92111,(858) 576−1570 0553
209, 740 W CAMELBACK RD,PHOENIX,AZ,85013,(602) 263−6035 0554
211, 4040 NORTH ORACLE ROAD,TUCSON,AZ,85705,(520) 293−6191 0554
212, 3520 TYLER AVENUE,RIVERSIDE,CA,92503,(909) 351−8271 0553
213, 2626 11TH AVENUE,GREELEY,CO,80631,(970) 351−8511 0554
214, 10230 N 43RD AVE,GLENDALE,AZ,85302,(623) 931−4434 0554
215, 4201 WEST DIVISION STREET,ST. CLOUD,MN,56301,(320) 253−4740 0551
216, 5801 44TH AVENUE WEST,DENVER,CO,80212,(303) 480−0512 0554
217, 333 NORTH 48TH STREET,LINCOLN,NE,68504,(402) 464−8292 0554
218, 2201 W. MEMORIAL RD.,OKLAHOMA CITY,OK,73134,(405) 751−4422 0552
219, 3710 RIDGEMONT DRIVE,ABILENE,TX,79606,(915) 695−4470 0578
220, 8225 FLYING CLOUD DRIVE,EDEN PRAIRIE,MN,55344,(952) 944−0700 0551
221, 8201 I−40 WEST,AMARILLO,TX,79121,(806) 358−4030 0578
222, 17751 COLIMA ROAD,ROWLAND HEIGHTS,CA,91748,(626) 913−2880 0553
223, 2950 SOUTH CHASE AVE.,MILWAUKEE,WI,53207,(414) 483−2000 0557
224, 1708 DELL RANGE BLVD.,CHEYENNE,WY,82009,(307) 637−8888 0554
225, 2315 COLORADO BLVD.,DENTON,TX,76205,(940) 387−5833 0578
226, 2462 FOOTHILL BLVD.,LA VERNE,CA,91750,(909) 593−2421 0553
227, 10621 CARMENITA ROAD,SANTA FE SPRINGS,CA,90670,(562) 946−0851 0553
228, 6635 FALLBROOK AVENUE,WEST HILLS,CA,91307,(818) 999−2390 0555
229, 6835 KATELLA AVENUE,CYPRESS,CA,90630,(714) 220−2000 0553
230, 2191 NORTH TUSTIN STREET,ORANGE,CA,92865,(714) 974−2800 0553
231, 6800 HIGHWAY 6 SOUTH,HOUSTON,TX,77083,(281) 568−9290 0578
233, 12602 PARADISE VILLAGE WEST PKWY N,PHOENIX,AZ,85032,(602) 953−2151 0554
234,305 WEST LOOP 281,LONGVIEW,TX,75605,(903) 663−4921 0578
235, 1629 NORTH TOWN EAST BLVD,MESQUITE,TX,75150,(972) 681−9071 0578
236, 4343 GANNON LANE,APPLETON,WI,54913,(972) 709−0031 0578
239, 2400 BERNADETTE DRIVE,COLUMBIA,MO,65203,(573) 445−9544 0552
240, 6100 SHINGLE CREEK PARKWAY,BROOKLYN CENTER,MN,55430,(763) 566−0739 0551
241, 2315 RICHMOND ROAD NO.9 TOWN WEST,TEXARKANA,TX,75503,(903) 838−6555 0578
242,4850 GOLF ROAD,EAU CLAIRE,WI,54701,0557
243, 1751 MADISON AVENUE,COUNCIL BLUFFS,IA,51503,(712) 323−2125 0557
244, 1400 WEST ARBROOK BLVD.,ARLINGTON,TX,76015,0578
245, 43525 NORTH 10TH STREET WEST,LANCASTER,CA,93534,(661) 949−8584 0555
246,2907 COCHRAN STREET,SIMI VALLEY,CA,93065,(805) 583−8933 0555
247, 25211 SUNNYMEAD BLVD.,MORENO VALLEY,CA,92553,(909) 242−3372 0553
248, 1000 EAST IMPERIAL HIGHWAY,LA HABRA,CA,90631,(714) 870−0686 0553
249, 16400 BEACH BOULEVARD,WESTMINSTER,CA,92683,(714) 841−4449 0553
250, 3300 S. BRISTOL ST.,SANTA ANA,CA,92704,(714) 641−4944 0553
251, 1135 S. GILBERT ROAD,MESA,AZ,85204,(480) 926−3443 0554
252, 2150 N. ARIZONA AVENUE,CHANDLER,AZ,85224,(480) 899−7986 0554
253, 2000 10TH AVE. S.,GREAT FALLS,MT,59405,(406) 727−9281 0554
254, 4235 SUNSET DRIVE,SAN ANGELO,TX,76904,(915) 949−5555 0578
255, 3333 W. AIRPORT FREEWAY,IRVING,TX,75062,(972) 252−9888 0578
256, 16910 E. QUINCY AVENUE,AURORA,CO,80015,(303) 699−1020 0554
257, 24425 W. MAGIC MOUNTAIN PARKWAY,VALENCIA,CA,91355,(661) 254−8001 0555
258,5555 PHILADELPHIA STREET,CHINO,CA,91710,(909) 627−8433 0553
259, 26932 LA PAZ ROAD,ALISO VIEJO,CA,92656,(949) 643−0337 0553
260, 3601 SOUTH HIGHWAY 100,ST. LOUIS PARK,MN,55416,(952) 926−8855 0551
261, 505 EAST PRATER WAY,SPARKS,NV,89431,(775) 331−4600 0555
262, 3300 KIETZKE LANE,RENO,NV,89502,(775) 827−3311 0558
263, 278 SOUTH DECATUR BLVD.,LAS VEGAS,NV,89107,(702) 870−1981 0555
264, 1200 SOUTH NELLIS BLVD.,LAS VEGAS,NV,89104,(702) 438−8866 0555
265, 4001 SOUTH MARYLAND PARKWAY,LAS VEGAS,NV,89119,(702) 732−2218 0555
266, 16806 NORTH 7TH STREET,PHOENIX,AZ,85022,(602) 375−1500 0554
267, 1925 DOUGLAS BLVD.,ROSEVILLE,CA,95661,(530) 786−8787 0555
268, 10881 OLSON DRIVE,RANCHO CORDOVA,CA,95670,(916) 638−4971 0558
270, 14009 EAST 21ST STREET,TULSA,OK,74134,(918) 438−8400 0552
271, 1950 EAST COUNTY LINE ROAD,HIGHLANDS RANCH,CO,80126,(303) 797−1911 0554
273, 3405 MCHENRY AVENUE,MODESTO,CA,95350,(209) 572−3341 0558
274, 1280 AUTO PARKWAY SOUTH,ESCONDIDO,CA,92029,(760) 489−6119 0553
275, 3150 WEST SHAW AVENUE,FRESNO,CA,93711,(559) 275−7059 0555
276, 15321 PALMDALE ROAD,VICTORVILLE,CA,92392,(760) 241−3357 0553
277, 1280 EAST GIBSON ROAD,WOODLAND,CA,95776,(530) 661−3982 0555
278, 13221 HALL ROAD,UTICA,MI,48315,(810) 254−7100 0559
279, 15901 FORD ROAD,DEARBORN,MI,48126,(313) 336−5000 0559
280, 14099 PARDEE ROAD,TAYLOR,MI,48180,(734) 374−0303 0559
281, 35401 WARREN ROAD,WESTLAND,MI,48185,(734) 728−4444 0559
282, 32001 JOHN R. ROAD,MADISON HEIGHTS,MI,48071,(248) 585−9000 0559
283, 8500 EAST 8 MILE ROAD,DETROIT,MI,48234,(313) 891−4000 0559
284, 355 SUMMIT DRIVE,WATERFORD,MI,48328,(248) 681−1818 0559
286, 1330 EAST 17TH STREET,SANTA ANA,CA,92705,(714) 541−4593 0553
287, 17055 SAN FERNANDO MISSION BLVD,GRANADA HILLS,CA,91344,(818) 360−2999 0555
288, 20801 VENTURA BLVD.,WOODLAND HILLS,CA,91364,(818) 713−2707 0555
289, 20200 BLOOMFIELD_AVENUE,CERRITOS,CA,90703,(562) 860−9909 0553
290, 2169 REDONDO BEACH BLVD.,GARDENA,CA,90247,(310) 327−0762 0555
291, 3333 ARLINGTON AVENUE,RIVERSIDE,CA,92506,(909) 784−6430 0553
292, 950 EAST 33RD STREET,LONG BEACH,CA,90807,(562) 427−7751 0553
293, 2920 YORBA LINDA BLVD.,FULLERTON,CA,92631,(714) 579−3090 0553
294, 11051 VICTORY BLVD.,NORTH HOLLYWOOD,CA,91606,(818) 761−3083 0555
295, 651 WEST SEPULVEDA,CARSON,CA,90745,(310) 549−6474 0553
296, 14823 POMERADO ROAD,POWAY,CA,92064,(858) 679−8202 0553
297, 2380 NORTH STERLING AVE.,SAN BERNARDINO,CA,92404,(909) 881−2671 0553
298, 4200 EAST MAIN STREET,VENTURA,CA,93003,(805) 644−9871 0555
299, 8840 CORBIN AVENUE,NORTHRIDGE,CA,91324,(818) 772−0494 0555
300, 24500 ALICIA PARKWAY,MISSION VIEJO,CA,92691,(949) 583−1298 0553
301, 10576 FOOTHILL BLVD.,RANCHO CUCAMONGA,CA,91730,(909) 948−9952 0553
302, 1050 HUNTINGTON DRIVE,DUARTE,CA,91010,(626) 303−8858 0555
303, 2255 EL CAMINO REAL,OCEANSIDE,CA,92054,(760) 967−8335 0553
304, 250 BROADWAY,EL CAJON,CA,92021,(619) 442−9641 0553
305, 8251 MIRA MESA BLVD.,SAN DIEGO,CA,92126,(858) 530−1901 0553
307, 67750 EAST PALM CANYON,CATHEDRAL CITY,CA,92234,(760) 321−7425 0553
309, 223 E. BETTERAVIA ROAD,SANTA MARIA,CA,93454,(805) 922−9904 0555
310, 2505 RIVERSIDE BLVD.,SACRAMENTO,CA,95818,(916) 444−0993 0555
311, 5001 MADISON AVENUE,SACRAMENTO,CA,95841,(916) 348−3701 0555
312, 1919 FULTON AVENUE,SACRAMENTO,CA,95825,(916) 483−6093 0555
313, 4707 PACIFIC AVENUE,STOCKTON,CA,95207,(209) 476−8081 0555
314, 3173 EAST SHIELDS AVENUE,FRESNO,CA,93726,(559) 228−8471 0555
315, 3434 SOUTH MOONEY BLVD.,VISALIA,CA,93277,(559) 738−0466 0555
316, 1300 WIBLE ROAD,BAKERSFIELD,CA,93304,(661) 836−2391 0555
317, 1951 EAST 20TH STREET,CHICO,CA,95928,(530) 343−3770 0558
318, 1153 BUTTE HOUSE ROAD,YUBA CITY,CA,95991,(916) 671−6881 0555
319, 1818 EAST BASELINE ROAD,TEMPE,AZ,85283,(480) 831−9162 0554
320, 5001 JUNIPERO SERRA BLVD.,COLMA,CA,94014,(650) 992−8433 0555
321, 2485 EL CAMINO REAL,REDWOOD CITY,CA,94061,(650) 363−8940 0555
322, 555 SHOWERS DRIVE,MOUNTAIN VIEW,CA,94040,(650) 965−7764 0555
323, 20745 STEVENS CREEK BLVD,CUPERTINO,CA,95014,(408) 725−2651 0555
324, 1811 HILLSDALE AVENUE,SAN JOSE,CA,95124,(408) 267−7900 0555
325, 3155 SILVER CREEK ROAD,SAN JOSE,CA,95121,(408) 238−7800 0555
327, 15555 HESPERIAN BLVD.,SAN LEANDRO,CA,94579,(510) 895−5811 0555
328, 7200 AMADOR PLAZA ROAD,DUBLIN,CA,94568,(925) 829−8900 0555
330, 560 CONTRA COSTA BLVD.,PLEASANT HILL,CA,94523,(925) 685−6069 0558
331, 904 ADMIRAL CALLAGHAN LANE,VALLEJO,CA,94591,(707) 642−0419 0555
332, 4301 CENTURY BLVD.,PITTSBURG,CA,94565,(925) 778−8950 0558
333, 4817 WEST PARK BLVD.,PLANO,TX,75093,(972) 596−8499 0578
334, 13785 RESEARCH BLVD.,AUSTIN,TX,78750,(512) 250−0080 0578
335, 5425 SOUTH PADRE ISLAND DRIVE,CORPUS CHRISTI,TX,78411,(361) 993−9342 0578
336,3750 BARRANCA PARKWAY,IRVINE,CA,92606,(949) 857−8337 0553
337, 405 SE EVERETT MALL PARKWAY,EVERETT,WA,98208,(425) 353−3167 0558
338, 18305 ALDERWOOD MALL PARKWAY,LYNNWOOD,WA,98037,(425) 670−1435 0558
339,4053 FACTORIA SQUARE MALL_SE,BELLEVUE,WA,98006,(425) 562−0830 0558
340, 2141 SOUTH 314TH STREET,FEDERAL WAY,WA,98003,(253) 839−3399 0558
341, 3320 SOUTH 23RD ST.,TACOMA,WA,98405,(253) 627−2112 0558
342, 3310 SOUTH MERIDIAN,PUYALLUP,WA,98373,(253) 840−2900 0558
343, 7809 C NE VANCOUVER PLAZA_DRIVE,VANCOUVER,WA,98662,(360) 253−4324 0558
344,10775 SW BEAVERTON−HILLSDALE HWY,BEAVERTON,OR,97005,(503) 626−8345 0558
345, 9009 SW HALL BLVD.,TIGARD,OR,97223,(503) 624−0273 0558
346, 9000 SE SUNNYSIDE ROAD,CLACKAMAS,OR,97015,(503) 659−1057 0558
347, 2772 TITTABAWASEE ROAD,SAGINAW,MI,48604,(517) 793−7226 0559
348, NO. 30 BELLIS FAIR PARKWAY,BELLINGHAM,WA,98226,(360) 734−0220 0558
349, 10509 GRAVELLY LAKE DR SW STE 600,TACOMA,WA,98499,(253) 581−7171 0558
350,G−3515 MILLER ROAD,FLINT,MI,48507,(810) 230−7310 0559
351, 2887 ROCHESTER ROAD SOUTH,ROCHESTER HILLS,MI,48307,(248) 853−1590 0559
352, 30007 PLYMOUTH ROAD,LIVONIA,MI,48150,(734) 522−7011 0559
353, 26650 FORD ROAD,DEARBORN HEIGHTS,MI,48127,(313) 565−0404 0559
354, 43670 FORD ROAD,CANTON,MI,48187,(734) 454−1133 0559
355, 2120 WANAMAKER ROAD SW,TOPEKA,KS,66614,(785) 273−9841 0552
356, 8710 MONTGOMERY BLVD.NE,ALBUQUERQUE,NM,87111,(505) 293−9223 0578
357, 11120 LOMAS BLVD. NE,ALBUQUERQUE,NM,87112,(505) 292−9110 0578
358, 900 SHAW AVENUE,CLOVIS,CA,93612,(559) 297−4691 0555
359, 29676 RANCHO CALIFORNIA ROAD,TEMECULA,CA,92591,(909) 676−2668 0553
360,2000 CLIFF LAKE ROAD,EAGAN,MN,55122,(651) 688−8706 0557
361, 500 EAST EDGEWOOD BLVD,LANSING,MI,48911,(517) 882−9084 0559
362, 2295 S.E. TUALATIN VALLEY_HWY.,HILLSBORO,OR,97123,(503) 693−1016 0558
363,9000 EAST INDIAN BEND RD.,SCOTTSDALE,AZ,85256,(480) 951−4403 0554
364, 2707 SCHOFIELD AVENUE,SCHOFIELD,WI,54476,(715) 355−4494 0557
365, 4890 MARSH ROAD,OKEMOS,MI,48864,(517) 347−0700 0559
366, 3275 NICHOLASVILLE PIKE,LEXINGTON,KY,40503,(859) 273−9403 0580
367, 18 NORTHGATE PARK,CHATTANOOGA,TN,37415,(423) 875−3100 0580
368, 5615 LEE HIGHWAY,CHATTANOOGA,TN,37421,0552
369, 3505 ATLANTA HIGHWAY,ATHENS,GA,30606,(706) 543−9400 0580
371, 235 JOHNSON S FERRY ROAD,ATLANTA,GA,30328,(404) 256−4600 0580
373, 2201 COBB PARKWAY_SE,SMYRNA,GA,30080,(770) 952−2241 0580
377, 2400 DRUID HILLS RD_N.E.,ATLANTA,GA,30329,(404) 325−3211 0580
379, 1648 HIGHWAY 138,CONYERS,GA,30013,(770) 929−3300 0580
387, 197 OLD NEW HOPE RD,GASTONIA,NC,28052,(704) 864−3271 0580
389, 2500 DECKER BOULEVARD,COLUMBIA,SC,29206,0556
390, 6110 GARNERS FERRY ROAD,COLUMBIA,SC,29209,(803) 783−1113 0556
391, 1760 PALM BEACH LAKES BLVD.,WEST PALM BEACH,FL,33401,(561) 689−3030 0556
393, 1200 SOUTH FEDERAL HIGHWAY,DEERFIELD BEACH,FL,33441,0556
395, 8201 WEST FEDERATED ROADWAY,PLANTATION,FL,33324,(954) 473−5903 0556
396, 8399 NORTH UNIVERSITY DRIVE,TAMARAC,FL,33321,0556
397, 3248 ALPINE AVENUE NW,WALKER,MI,49544,(616) 784−8311 0559
398, 4100 28TH STREET SE,KENTWOOD,MI,49512,(616) 940−4744 0559
399, 334 CHICAGO DRIVE,JENISON,MI,49428,(616) 457−7020 0559
530, 4001 NORTH 132ND STREET,OMAHA,NE,68164,(402) 431−0060 0551
531, 3201 IOWA STREET,LAWRENCE,KS,66046,(785) 832−0660 0552
532, 718 N WASHINGTON,PAPILLION,NE,68046,(402) 597−9900 0551
533, 5225 ELMORE AVENUE,DAVENPORT,IA,52807,(563) 344−9447 0557
603, 12386 FELCH STREET,HOLLAND,MI,49424,(616) 394−0070 0559
604, 6839 SOUTH WESTNEDGE AVE.,PORTAGE,MI,49002,(616) 327−3180 0559
605, 35700 VAN DYKE AVENUE,STERLING HEIGHTS,MI,48312,(810) 795−9960 0559
606, 3201 NW RANDALL WAY,SILVERDALE,WA,98383,(360) 692−3966 0558
607, 2925 HARRISON AVE NW,OLYMPIA,WA,98502,(360) 943−9955 0558
608, 3790 CENTER STREET NE,SALEM,OR,97301,(503) 588−7116 0558
609, 2255 14TH AVENUE SE,ALBANY,OR,97321,(503) 926−5727 0558
610, 5700 BECKLEY ROAD,BATTLE CREEK,MI,49015,(616) 979−4940 0559
611, 30020 GRAND RIVER AVENUE,FARMINGTON HILLS,MI,48336,(248) 476−1808 0559
612, 2750 GATEWAY STREET,SPRINGFIELD,OR,97477,(541) 741−0410 0558
613, 2000 CRATER LAKE HIGHWAY,MEDFORD,OR,97501,(541) 779−0856 0558
614, 3401 MALL VIEW ROAD,BAKERSFIELD,CA,93306,(661) 872−9929 0555
615, 1280 DANA DRIVE,REDDING,CA,96003,(916) 223−0123 0558
616, 5609 WEST SAGINAW HIGHWAY,LANSING,MI,48917,(517) 886−9488 0559
617, 633 NORTH MILWAUKEE STREET,BOISE,ID,83704,(208) 375−3275 0558
618, 3300 DILLON DRIVE,PUEBLO,CO,81008,(719) 545−5631 0554
619, 3800 LEXINGTON AVENUE,SHOREVIEW,MN,55126,(651) 486−0048 0551
620, 9400 HIGHWAY 16,ONALASKA,WI,54650,(608) 781−8050 0557
621, 2300 PLEASANT HILL ROAD,DULUTH,GA,30096,0552
622, 817 WEST ALEXIS ROAD,TOLEDO,OH,43612,(419) 478−0559 0560
623, 5225 MONROE STREET,TOLEDO,OH,43623,(419) 843−3441 0560
624, 1465 EAST MALL DRIVE,HOLLAND,OH,43528,(419) 866−9088 0560
625, 9371 COORS BLVD. N.W.,ALBUQUERQUE,NM,87114,(505) 897−7923 0578
626, 2155 MORRILL AVENUE,SAN JOSE,CA,95132,(408) 946−6791 0555
627, 301 STRANDER BLVD.,TUKWILA,WA,98188,(206) 575−0682 0558
628, 205 THREE RIVERS DRIVE,KELSO,WA,98626,(360) 425−3926 0558
629, 3701 LAPEER ROAD,FLINT,MI,48503,(810) 744−4040 0559
630, 6250 SAMPLE ROAD,CORAL SPRINGS,FL,33067,(954) 752−1440 0556
631, 4135 WILDER ROAD,BAY CITY,MI,48706,(517) 686−1770 0559
632, 4300 24TH AVENUE,FORT GRATIOT,MI,48059,(810) 385−5000 0559
633, 27300 DEQUINDRE ROAD,WARREN,MI,48092,(810) 573−4200 0559
634, 2000 WATERS ROAD,ANN ARBOR,MI,48103,(734) 996−0700 0559
635, 8448 CENTER RUN ROAD,INDIANAPOLIS,IN,46250,(317) 845−9823 0559
636, NORTH 9770 NEWPORT HIGHWAY,SPOKANE,WA,99218,(509) 466−3006 0558
637, 2800 S.W. BARTON,SEATTLE,WA,98126,(206) 932−1153 0558
638, 21637 STATE ROAD 7,BOCA RATON,FL,33428,(561) 483−3400 0556
639, 1525 SOUTH POWER ROAD,MESA,AZ,85206,(480) 396−0403 0553
640, 170 COCHRANE PLAZA,MORGAN HILL,CA,95037,(408) 778−1366 0555
641, 3280 R STREET,MERCED,CA,95348,(209) 725−3482 0555
642, 1200 LINTON BLVD.,DELRAY BEACH,FL,33444,(561) 265−3500 0556
643, 15150 CEDAR AVENUE,APPLE VALLEY,MN,55124,(952) 891−5500 0551
644, 1901 NORTH CONGRESS AVE.,BOYNTON BEACH,FL,33426,(561) 735−0900 0556
645, 444 MONUMENT ROAD,JACKSONVILLE,FL,32225,(904) 721−4909 0556
646, 1919 WELLS ROAD,ORANGE PARK,FL,32073,(904) 269−9451 0556
647, 886 WEST STATE ROAD 436,ALTAMONTE SPRINGS,FL,32714,(407) 788−7377 0556
648, 7475 WEST COLONIAL DRIVE,ORLANDO,FL,32818,0556
649, 718 MAGUIRE BLVD.,ORLANDO,FL,32803,(407) 896−0401 0556
650, 880 SAND LAKE ROAD,ORLANDO,FL,32809,(407) 856−5459 0556
651, 6411 TACOMA DRIVE,PORT RICHEY,FL,34668,(727) 841−6600 0556
652, 900 EAST LAKE ROAD,PALM HARBOR,FL,34685,(727) 786−6969 0556
653, 21750 US HIGHWAY 19 NORTH,CLEARWATER,FL,33765,(727) 726−3113 0556
654, 10500 ULMERTON ROAD EAST,LARGO,FL,33771,(727) 581−6000 0556
655, 15240 NORTH DALE MABRY HIGHWAY,TAMPA,FL,33618,(813) 962−2281 0556
656,13658 UNIVERSITY PLAZA,TAMPA,FL,33613,(813) 972−3396 0556
657, 2100 PAUL BUNYAN DRIVE NW,BEMIDJI,MN,56601,(218) 759−0820 0551
658, 3301 HIGHWAY 10 EAST,MOORHEAD,MN,56560,(218) 233−2326 0551
659, 700 DELLWOOD DRIVE NORTH,BAXTER,MN,56425,(218) 828−3535 0551
660, 16964 SLOVER AVENUE,FONTANA,CA,92337,(909) 356−4242 0553
661, 2505 1ST STREET SOUTH,WILLMAR,MN,56201,(320) 235−0916 0551
662, 8655 EAST POINT DOUGLAS ROAD,COTTAGE GROVE,MN,55016,(651) 458−8179 0557
663, 1850 ADAMS STREET,MANKATO,MN,56001,(507) 625−1011 0557
664, 4175 VINEWOOD LANE NORTH,PLYMOUTH,MN,55442,(763) 553−0302 0551
665, 8401 SOUTH TAMIAMI TRAIL,SARASOTA,FL,34238,(941) 925−3377 0556
666, 6000 SAWMILL ROAD,DUBLIN,OH,43017,(614) 798−8160 0560
667, 5855 CHANTRY DRIVE,COLUMBUS,OH,43232,(614) 575−2840 0560
668, 3720 SOLDANO BLVD,COLUMBUS,OH,43228,(614) 279−4224 0560
669, 9041 SOUTHSIDE BLVD.,JACKSONVILLE,FL,32256,(904) 464−0043 0556
670, 3445 FREEDOM DRIVE,SPRINGFIELD,IL,62704,(217) 546−5003 0552
671, 3100 WEST SOUTH AIRPORT ROAD,TRAVERSE CITY,MI,49684,(231) 947−2992 0559
672,6820 EASTMAN ROAD,MIDLAND,MI,48640,(517) 832−0200 0559
673, 1076 JACKSON CROSSING,JACKSON,MI,49202,(517) 788−3900 0559
674, 3000 WEST DE YOUNG STREET,MARION,IL,62959,(618) 997−8174 0552
675, 2059 CADENASSO DRIVE,FAIRFIELD,CA,94533,(707) 426−1105 0558
676, 1640 NORTH MAIN STREET,SALINAS,CA,93906,(831) 442−0547 0555
677, 8148 EAST SANTA ANA CANYON ROAD,ANAHEIM,CA,92808,(714) 921−9091 0555
678,30251 ANTELOPE ROAD,MENIFEE,CA,92584,(909) 672−8580 0553
679, 315 WEST CANFIELD AVENUE,COEUR D ALENE,ID,83814,(208) 772−7523 0558
680, 605 STEPHANIE STREET,HENDERSON,NV,89014,(702) 451−5959 0555
681, 26301 104TH AVENUE SOUTHEAST,KENT,WA,98031,(253) 850−9710 0558
682,9235 U.S. HIGHWAY 72,GERMANTOWN,TN,38138,(901) 756−6011 0552
683, 6405 SOUTH INTERSTATE HIGHWAY 35,AUSTIN,TX,78744,(512) 326−1191 0578
684,1100 LAKE WOODLAND DRIVE,THE WOODLANDS,TX,77380,(281) 364−1281 0578
685, 39440 10TH STREET WEST,PALMDALE,CA,93551,(661) 265−0906 0555
686, 4711 BAYOU BOULEVARD,PENSACOLA,FL,32503,(850) 494−9070 0556
687, 3970 S.W. ARCHER ROAD,GAINESVILLE,FL,32608,(352) 376−5260 0556
688, 2380 W. INTERNATIONAL SPEEDWAY BLVD,DAYTONA BEACH,FL,32114,(386) 257−4778 0556
689,2750 WEST NEW HAVEN AVE.,MELBOURNE VILLAGE,FL,32904,(321) 727−3238 0556
690, 1400−A TAMIAMI TRAIL,PORT CHARLOTTE,FL,33948,(941) 255−1181 0556
691, 10401 HIGHWAY 441,LEESBURG,FL,34788,(352) 360−1100 0556
692, 200 VINTAGE WAY,NOVATO,CA,94945,(415) 892−3313 0558
693, 7535 WEST BROADWAY,BROOKLYN PARK,MN,55428,(763) 425−5400 0551
694, 7200 VALLEY CREEK PLAZA,WOODBURY,MN,55125,(651) 735−7083 0551
695, 1701 GALLERIA BLVD.,FRANKLIN,TN,37064,(615) 771−2093 0580
696, 199 CASCADE MALL DRIVE,BURLINGTON,WA,98233,(360) 757−6737 0558
697, 11450 SAN PABLO AVENUE,EL CERRITO,CA,94530,(510) 237−6400 0558
698, 1363 WEST HENDERSON AVE.,PORTERVILLE,CA,93257,(559) 782−3471 0555
699, 1611 NORTH BLUE LAKES BLVD.,TWIN FALLS,ID,83301,(208) 736−0700 0558
700, 10555 NORTH ORACLE RD.,ORO VALLEY,AZ,85737,(520) 219−9862 0554
731, 10451 INDIANAPOLIS BLVD,HIGHLAND,IN,46322,(219) 924−1527 0559
732, 2901 SOUTH CICERO AVE,CICERO,IL,60804,(708) 863−6830 0559
733, 2350 TROY ROAD,EDWARDSVILLE,IL,62025,(618) 659−3200 0552
734, 2721 DAWSON ROAD,ALBANY,GA,31707,(912) 888−1333 0556
735, 4151 E HIGHWAY 90,SIERRA VISTA,AZ,85635,(520) 452−0035 0554
736, 1290 HAMNER AVE,NORCO,CA,91760,(909) 371−1872 0553
737, 1400 FITZGERALD ROAD,PINOLE,CA,94564,(510) 222−0558 0558
738, 2800 NAGLEE ROAD,TRACY,CA,95376,(209) 833−3494 0558
739, 1630 CHEYENNE MOUNTAIN BLVD.,COLORADO SPRINGS,CO,80906,(719) 540−2366 0554
740,250 MIRACLE STRIP PARKWAY,MARY ESTHER,FL,32569,(850) 243−4188 0556
746, 15005 SW 88TH ST,KENDALL,FL,33196,(305) 386−1244 0556
747, 875 LAWRENCEVILLE SUWANEE ROAD,LAWRENCEVILLE,GA,30043,(770) 338−4460 0580
748,1940 MT. ZION RD.,MORROW,GA,30260,(770) 472−3355 0580
749, 5950 STATE BRIDGE ROAD,DULUTH,GA,30097,(770) 476−5548 0580
750, 1815 NORMAN DRIVE,VALDOSTA,GA,31601,(912) 242−0330 0556
751, 975 EAST COUNTY ROAD E,VADNAIS HEIGHTS,MN,55127,(651) 483−9637 0551
752, 735 WEST STADIUM BLVD,JEFFERSON CITY,MO,65109,(573) 635−8401 0552
753, 679 EAST DUNDEE ROAD,PALATINE,IL,60067,(847) 202−5120 0557
754, 6365 I−55 NORTH,JACKSON,MS,39213,(601) 956−1150 0556
755, 2056 SKIBO ROAD,FAYETTEVILLE,NC,28314,(910) 860−4400 0556
756, 2116 NORTH ROAN STREET,JOHNSON CITY,TN,37601,(423) 854−8899 0580
757, 5151 FREDERICA STREET,OWENSBORO,KY,42301,(270) 686−7033 0552
758, 8550 EAST FREEWAY,FORT WORTH,TX,76120,(817) 274−7611 0578
759, 2460 PRINCE WILLIAM PARKWAY,WOODBRIDGE,VA,22192,(703) 490−3242 0560
760, 12 NORTH FAIR AVE,YAKIMA,WA,98901,(509) 248−3314 0558
761, 3527 W. FLORIDA AVE,HEMET,CA,92545,(909) 652−9585 0553
762, 9531 SOUTH BLVD,CHARLOTTE,NC,28273,(704) 556−7082 0580
763, 2940 BOCA CHICA,BROWNSVILLE,TX,78521,(956) 546−7778 0578
764, 1740 E. SHERMAN BLVD,MUSKEGON,MI,49444,(231) 737−1300 0559
765, 11826 N. E. GLISAN STREET,PORTLAND,OR,97220,(503) 251−9997 0558
766, 63435 N HIGHWAY 97,BEND,OR,97701,(541) 330−1434 0558
767, 888 W. ARROW HIGHWAY,SAN DIMAS,CA,91773,(909) 394−0335 0555
768, 6748 SOUTH REDWOOD ROAD,WEST JORDAN,UT,84084,(801) 565−0006 0554
769, 2541 E LOHMAN,LAS CRUCES,NM,88011,(505) 532−5899 0578
770, 4001 N MIDLAND DRIVE,MIDLAND,TX,79707,(915) 699−7500 0578
771, 2810 SW MILITARY DR,SAN ANTONIO,TX,78224,(210) 977−8552 0578
772, 1180 CARL D SILVER PARKWAY,FREDERICKSBURG,VA,22401,(540) 786−6800 0560
773, 2673 EAST MAIN STREET,PLAINFIELD,IN,46168,(317) 839−4027 0559
774, 3151 EAST 7TH STREET,JOPLIN,MO,64801,(417) 659−8755 0552
775, 7003 SOUTH BROADWAY,TYLER,TX,75703,(903) 939−1900 0578
776, 18000 VERNIER ROAD,HARPER WOODS,MI,48225,(313) 371−9751 0559
777, 21400 NORTHWESTERN HWY,SOUTHFIELD,MI,48075,(248) 423−4202 0559
778, 107 PAVILLION PKWY.,FAYETTEVILLE,GA,30214,(770) 719−9766 0580
779, 1631 RING ROAD,ELIZABETHTOWN,KY,42701,(270) 769−6402 0552
780, 4640 TAYLORSVILLE ROAD,LOUISVILLE,KY,40220,(502) 493−8717 0552
792, 6850 RIDGE ROAD,PARMA,OH,44129,(440) 842−9001 0560
793, 449 HOWE AVE,CUYAHOGA FALLS,OH,44221,(330) 928−0014 0560
794, 5584 DRESSLER ROAD_N.W.,NORTH CANTON,OH,44720,(330) 494−2153 0560
795, 6670 CLINTON HIGHWAY,KNOXVILLE,TN,37912,(865) 947−7636 0580
796, 514 SHALLOWFORD ROAD,GAINESVILLE,GA,30504,(770) 532−6670 0580
797, 3150 BEL−AIR MALL,MOBILE,AL,36606,(334) 471−9760 0556
798, 6295 WEST WATERS AVE,TAMPA,FL,33634,(813) 885−2311 0556
799, 5350 FRUITVILLE ROAD,SARASOTA,FL,34232,(941) 379−6660 0556
800, 2100 TEXAS AVENUE SOUTH,COLLEGE STATION,TX,77840,(979) 693−8400 0578
801, 7501 SAN DARIO,LAREDO,TX,78045,(956) 722−6800 0578
802, 1002 DIXIELAND ROAD,HARLINGEN,TX,78552,(956) 421−4900 0578
803, 1111 EAST ARMY POST ROAD,DES MOINES,IA,50315,(515) 287−3438 0557
804, 3450 4TH STREET SOUTHWEST,MASON CITY,IA,50401,(641) 423−8335 0557
805, 1708 NORTH CENTRAL AVENUE,MARSHFIELD,WI,54449,(715) 389−2020 0557
806, 5300 US HWY 10 EAST,STEVENS POINT,WI,54481,(715) 341−8790 0557
807, 1900 SOUTH KOELLER STREET,OSHKOSH,WI,54902,(920) 426−5003 0557
808, 485 NORTH ROLLING MEADOWS_DRIVE,FOND DU LAC,WI,54937,(920) 924−0420 0557
809,2017 HUMES ROAD,JANESVILLE,WI,53545,(608) 754−8331 0557
810, 6560 EAST STATE STREET,ROCKFORD,IL,61108,(815) 227−9788 0557
811, 2340 HIGHWAY 77,PANAMA CITY,FL,32405,(850) 785−8966 0556
812, 187 BRANDON TOWN CENTER DRIVE,BRANDON,FL,33511,(813) 654−4955 0556
813,4271 SOUTH TAMIAMI TRAIL,VENICE,FL,34293,(941) 492−9224 0556
814, 9905 SOUTHERN BLVD.,ROYAL PALM BEACH,FL,33411,(561) 798−2118 0556
815, 12801 WEST SUNRISE BLVD.,SUNRISE,FL,33323,(954) 846−2600 0556
816, 2650 NW FEDERAL HIGHWAY,STUART,FL,34994,(561) 692−3388 0556
817, 6150 14TH STREET WEST,BRADENTON,FL,34207,(941) 756−2700 0556
818, 13711 SOUTH TAMIAMI TRAIL,FORT MYERS,FL,33912,(941) 481−8860 0556
819, 33860 GRATIOT AVENUE SOUTH,CLINTON TOWNSHIP,MI,48035,(810) 791−9900 0559
820, 8600 SPRINGBROOK DRIVE,COON RAPIDS,MN,55433,(763) 785−0322 0551
821, 4404 HIGHWAY 29 SOUTH,ALEXANDRIA,MN,56308,(320) 763−6661 0551
822, 801 SUNLAND PARK DRIVE,EL PASO,TX,79912,(915) 585−8185 0578
823, 1901 GEORGE DIETER DRIVE,EL PASO,TX,79936,(915) 590−3560 0578
824, 708 EAST EXPRESSWAY 83,MCALLEN,TX,78503,(956) 682−2611 0578
825, 8055 WEST BELL ROAD,PEORIA,AZ,85382,(623) 979−0250 0553
826, 3210 NORTH TENAYA WAY,LAS VEGAS,NV,89129,(702) 645−5440 0555
827, 3000 HARBISON DRIVE,VACAVILLE,CA,95687,(707) 452−8053 0558
828, 4300 LAS POSITAS ROAD,LIVERMORE,CA,94550,(925) 606−1445 0558
829, 3003 WEST VINE STREET,KISSIMMEE,FL,34741,(407) 846−6611 0556
830, 1106 N COLUMBIA CENTER BLVD.,KENNEWICK,WA,99336,(509) 735−7272 0558
831,1401 FRONTAGE ROAD,SCOTTSBLUFF,NE,69361,(308) 632−6223 0554
832, 2725 NORTH MAIN STREET,ROSWELL,NM,88201,(505) 623−0445 0578
833, 313 EAST TOWNLINE ROAD,VERNON HILLS,IL,60061,(847) 680−0390 0557
834, 300 SOUTH RANDALL ROAD,ELGIN,IL,60123,(847) 695−1992 0557
835, 2621 W. SCHAUMBURG ROAD,SCHAUMBURG,IL,60194,(847) 798−0192 0557
836, 175 WEST ARMY TRAIL,GLENDALE HEIGHTS,IL,60139,(630) 582−0043 0557
837, 850 W. NORTH AVENUE,MELROSE PARK,IL,60160,(708) 338−2784 0559
838, 601 SOUTH COUNTY FARM ROAD,WHEATON,IL,60187,(630) 510−1590 0557
839, 115 NORTH RANDALL ROAD,BATAVIA,IL,60510,(630) 406−8152 0557
840, 1951 W. JEFFERSON AVENUE,NAPERVILLE,IL,60540,(630) 357−0056 0557
841, 7100 SOUTH CICERO AVENUE,BEDFORD PARK,IL,60629,(708) 563−9050 0559
842, 15850 SOUTH 94TH AVENUE,ORLAND PARK,IL,60462,(708) 349−1122 0559
843, 9250 JOLIET ROAD,HODGKINS,IL,60525,(708) 387−2350 0557
844, 2120 APALACHEE PARKWAY,TALLAHASSEE,FL,32301,(850) 671−2041 0556
845, 4155 WEST LAKE MARY BLVD.,LAKE MARY,FL,32746,(407) 330−9330 0556
846, 1717 EAST WEST ROAD,CALUMET CITY,IL,60409,(708) 730−3000 0559
847, 1001 13TH STREET SOUTH,VIRGINIA,MN,55792,(218) 741−7104 0551
848, 3316 SOUTHEAST 6TH AVENUE,ABERDEEN,SD,57401,(605) 226−0223 0551
849, 6000−10A MONTANA AVE,EL PASO,TX,79925,(915) 772−9302 0578
850, 3550 SOUTH RAINBOW BOULEVARD,LAS VEGAS,NV,89103,(702) 253−5151 0555
851,7409 WEST VIRGINIA AVENUE,PHOENIX,AZ,85035,(623) 245−1800 0554
852, 475 ROHNERT PARK EXPRESSWAY WEST,ROHNERT PARK,CA,94928,(707) 586−2901 0558
853, 2355 WEST KETTLEMAN LANE,LODI,CA,95242,(209) 369−9371 0555
854, 3901 WEST INA ROAD,TUCSON,AZ,85741,(520) 744−3553 0554
855, 6500 EAST GRANT ROAD,TUCSON,AZ,85715,(520) 290−1711 0553
856, 1510 MARKET LANE,NORFOLK,NE,68701,(402) 379−9933 0554
857, 4800 3RD AVENUE,KEARNEY,NE,68847,(308) 237−0644 0554
858, 13250 NORTHWEST FREEWAY,HOUSTON,TX,77040,(713) 939−7878 0578
859, 2000 9TH AVENUE SOUTHEAST,WATERTOWN,SD,57201,(605) 882−0717 0551
860, 525 SOUTH GEAR AVENUE,WEST BURLINGTON,IA,52655,(319) 752−2023 0557
861, 1300 HIGHWAY 55 EAST,BUFFALO,MN,55313,(763) 682−4996 0551
862, 851 WEST 78TH STREET,CHANHASSEN,MN,55317,(952) 470−0206 0551
863, N95 W17707 SHADY LANE,MENOMONEE FALLS,WI,53051,(262) 255−6119 0557
864, 2553 SUN VALLEY DRIVE,DELAFIELD,WI,53018,(262) 646−5200 0557
865, 6601 WEST GRAND AVENUE,GURNEE,IL,60031,(847) 244−4990 0557
866, 2333 63RD STREET,WOODRIDGE,IL,60517,(630) 434−0909 0559
867, 1188 WEST BOUGHTON ROAD,BOLINGBROOK,IL,60440,(630) 378−5544 0557
868, 5071 WEST CAL−SAG ROAD,CRESTWOOD,IL,60445,(708) 385−9722 0559
869, 21600 SOUTH CICERO AVENUE,MATTESON,IL,60443,(708) 748−0990 0559
870, 2661 EAST US 30,MERRILLVILLE,IN,46410,(219) 942−0402 0559
871, 5001 BIG HOLLOW ROAD,PEORIA,IL,61615,(309) 691−9030 0552
872, 20100 HAGGERTY ROAD,LIVONIA,MI,48152,(734) 953−6620 0559
873, 2000 SOUTHWEST COLLEGE ROAD,OCALA,FL,34474,(352) 629−1333 0556
874, 2575 ENTERPRISE ROAD,ORANGE CITY,FL,32763,(386) 774−5574 0556
875, 2417 NORTH HASKELL AVENUE,DALLAS,TX,75204,(214) 826−0331 0578
876, 1101 IRA EAST WOODS AVENUE,GRAPEVINE,TX,76051,(817) 488−1800 0578
877, 3251 HOLLYWOOD BLVD.,HOLLYWOOD,FL,33021,(954) 963−1200 0556
878, 2910 1ST AVENUE SOUTH,FORT DODGE,IA,50501,(515) 573−7950 0557
879, 5330 SOUTH 56TH STREET,LINCOLN,NE,68516,(402) 423−0300 0554
880, 1235 EAST HIGGINS ROAD,SCHAUMBURG,IL,60173,(847) 413−1080 0557
881, 6925 WEST 38TH STREET,INDIANAPOLIS,IN,46254,(317) 329−1034 0559
882, 202 WEST HIGHWAY 332,LAKE JACKSON,TX,77566,(979) 299−0009 0578
883, 777 EAST COLORADO BOULEVARD,PASADENA,CA,91101,(626) 584−1606 0553
884, 1851 EAST HIGHWAY 69,PRESCOTT,AZ,86301,(520) 771−8400 0554
885, 2420 RESERVE STREET,MISSOULA,MT,59808,(406) 543−4000 0558
886, 2325 SOUTH STEMMONS FREEWAY,LEWISVILLE,TX,75067,(972) 315−0134 0578
887, 4510 GARTH ROAD,BAYTOWN,TX,77521,(281) 427−0265 0578
888, 7608 ZAC LENTZ PARKWAY,VICTORIA,TX,77904,(512) 578−3612 0578
889, 3535 TOWER AVENUE,SUPERIOR,WI,54880,(715) 392−9791 0551
890, 1020 NORTH QUINCY AVENUE,OTTUMWA,IA,52501,(641) 684−4229 0557
891, 1071 WEST CARL SANDBURG DRIVE,GALESBURG,IL,61401,(309) 344−3211 0557
892,1860 NORTH RICHMOND ROAD,MC HENRY,IL,60050,(815) 385−1085 0557
893, 401 WEST IRVING PARK ROAD,WOOD DALE,IL,60191,(630) 875−8010 0557
894, 2701 ROUTE 30/PLAINFIELD ROAD,JOLIET,IL,60435,(815) 439−6940 0557
895,1615 NORTH STATE ROUTE 50,BOURBONNAIS,IL,60914,(815) 933−8890 0559
896, 495 HAGGERTY ROAD,WALLED LAKE,MI,48390,(248) 960−7900 0559
897, 820 OVIEDO MARKETPLACE BLVD,OVIEDO,FL,32765,(407) 366−5900 0556
898, 4410 SOUTH U.S. HIGHWAY 17−92,CASSELBERRY,FL,32707,(407) 830−7979 0556
899,2324 PINE RIDGE ROAD,NAPLES,FL,34109,(941) 435−0051 0556
900, 2121 NORTH MONROE STREET UNIT 100,MONROE,MI,48162,(734) 457−2902 0559
901, 5350 WEST MAIN STREET,KALAMAZOO,MI,49009,(616) 349−6148 0559
902, 2555 SYCAMORE ROAD,DE KALB,IL,60115,(815) 748−3080 0557
903, 999 WEST MAIN STREET,WEST DUNDEE,IL,60118,(847) 836−1060 0557
904, 2140 SOUTH POKEGAMA AVENUE,GRAND RAPIDS,MN,55744,(218) 326−3011 0551
905, 2939 MARKET PLACE,SALINA,KS,67401,(785) 825−1354 0552
906, 2401 EAST KANSAS AVENUE,GARDEN CITY,KS,67846,(620) 275−1101 0554
907, 19955 KATY FREEWAY,HOUSTON,TX,77094,(281) 647−9191 0578
908, 551 SOUTH HOVER ROAD,LONGMONT,CO,80501,(303) 684−0701 0554
909, 4734 EAST RAY ROAD,PHOENIX,AZ,85044,(480) 893−9333 0553
910, 18101 NW EVERGREEN PARKWAY,BEAVERTON,OR,97006,(503) 531−3656 0558
911, 7600 N. BLACKSTONE,FRESNO,CA,93720,(559) 431−0104 0555
912, 3944 GRAND AVENUE,CHINO,CA,91710,(909) 465−5804 0555
913, 26762 PORTOLA PARKWAY,FOOTHILL RANCH,CA,92610,(949) 454−2360 0555
914, 30602 SANTA MARGARITA PARKWAY,RANCHO SANTA MARGARITA,CA,92688,(949) 459−1543 0553
915,13724 EAST SPRAGUE AVENUE,SPOKANE,WA,99216,(509) 924−8757 0558
916, 200 BROADVIEW VILLAGE SQUARE,BROADVIEW,IL,60155,(708) 345−1330 0557
917,1905 SCENIC HIGHWAY NORTH,SNELLVILLE,GA,30078,(770) 736−1113 0580
918, 1900 MATTHEWS TOWNSHIP PARKWAY,MATTHEWS,NC,28105,(704) 845−0948 0580
919,4401 COMMERCIAL WAY,SPRING HILL,FL,34606,(352) 596−1411 0556
920, 11253 PINES BLVD,HOLLYWOOD,FL,33026,(954) 435−3161 0556
921, 93 STONEBROOK PLACE,JACKSON,TN,38305,(731) 664−3848 0552
922, 8043 CHALLIS ROAD,BRIGHTON,MI,48116,(810) 229−0038 0559
923, 23555 ALLEN ROAD,WOODHAVEN,MI,48183,(734) 692−7200 0559
924, 4097 EAST BLUEGRASS ROAD,MOUNT PLEASANT,MI,48858,(517) 773−0218 0559
925, 7450 GREEN BAY ROAD,KENOSHA,WI,53142,(262) 694−0214 0557
926, 900 42ND AVENUE DRIVE,MOLINE,IL,61265,(309) 764−7500 0557
927, 2209 WEST HOWARD STREET,EVANSTON,IL,60202,(847) 733−1144 0557
928, 6150 TOUHY AVE,NILES,IL,60714,(847) 588−2800 0559
929, 4370 VENTURE DRIVE,PERU,IL,61354,(815) 224−2442 0557
930, 125 LINCOLN AVENUE SOUTHEAST,SAINT CLOUD,MN,56304,(320) 654−0096 0551
931,2021 MARKET DRIVE,STILLWATER,MN,55082,(651) 439−0292 0557
932, 2900 SOUTH 25TH STREET,CLINTON,IA,52732,(563) 243−9909 0557
933, 9851 SOUTH PARKER ROAD,PARKER,CO,80134,(303) 840−9560 0554
934, 1720 WEST UNIVERSITY DRIVE,MCKINNEY,TX,75069,(972) 542−0391 0578
935, 1650 SOUTH MILTON ROAD,FLAGSTAFF,AZ,86001,(520) 774−3500 0554
936, 15444 NORTH FRANK LLOYD WRIGHT BLVD,SCOTTSDALE,AZ,85260,(480) 860−2800 0554
937, 1980 SANTA ROSA AVE,SANTA ROSA,CA,95407,(707) 575−0665 0555
938, 3900 SISK ROAD,MODESTO,CA,95356,(209) 543−9561 0555
939, 19201 BEAR VALLEY ROAD,APPLE VALLEY,CA,92308,(760) 247−4111 0555
940, 72549 HIGHWAY 111,PALM DESERT,CA,92260,(760) 341−9307 0553
941, 1790 AIRLINE HIGHWAY,HOLLISTER,CA,95023,(831) 636−3722 0555
942, 2656 NORTH ELSTON_AVENUE,CHICAGO,IL,60647,(773) 252−1994 0559
943, 2102 NORTH PROSPECT AVE,CHAMPAIGN,IL,61821,(217) 355−3325 0559
944, 725 WEST 32ND STREET,YUMA,AZ,85364,(520) 344−6200 0553
945, 51400 GRATIOT AVENUE,CHESTERFIELD TOWNSHIP,MI,48051,(810) 598−8100 0559
946, 1529 EAST 17TH STREET,HUTCHINSON,KS,67501,(620) 662−1800 0552
947, 9440 MARSH LANE,DALLAS,TX,75220,(214) 357−3980 0578
948, 12621 I H−10 WEST,SAN ANTONIO,TX,78230,(210) 690−2222 0578
949, 2610 BISHOP DRIVE,SAN RAMON,CA,94583,(925) 277−0202 0555
950, 4515 EAST THOMAS ROAD,PHOENIX,AZ,85018,(602) 952−1797 0553
951, 1660 WEST MIDWAY BLVD.,BROOMFIELD,CO,80020,(303) 460−1177 0554
952, 4900 EAST MAIN STREET,FARMINGTON,NM,87402,(505) 327−7400 0554
953, 4200 SOUTH MEDFORD DRIVE,LUFKIN,TX,75901,(936) 637−3000 0578
954, 2500 EAST CENTRAL TEXAS EXPRESSWAY,KILLEEN,TX,76543,(254) 526−8010 0578
955,4323 SAN FELIPE STREET,HOUSTON,TX,77027,(713) 960−9608 0578
956, 19146 FREEPORT AVENUE,ELK RIVER,MN,55330,(763) 441−5511 0551
957, 50 EAST NORTH AVENUE,VILLA PARK,IL,60181,(630) 833−7411 0559
958, 160 AMERICAN AVENUE,BOWLING GREEN,KY,42101,(270) 842−0013 0552
959, 2823 WILMA RUDOLPH BLVD.,CLARKSVILLE,TN,37040,(931) 645−8007 0552
960, 4700 GREEN ROAD,RALEIGH,NC,27604,(919) 850−9298 0560
961, 2021 WALNUT STREET,CARY,NC,27511,(919) 233−4451 0556
962, 731 SUTTERS CREEK BLVD.,ROCKY MOUNT,NC,27804,(252) 443−1195 0556
963, 1150 SEABOARD STREET,MYRTLE BEACH,SC,29577,(843) 946−6998 0556
964, 1204 SUNBURST DRIVE,GOLDSBORO,NC,27534,(919) 778−2150 0556
965, 3333 CLOVERLEAF PARKWAY,KANNAPOLIS,NC,28083,(704) 795−0555 0580
966, 9801 SAM FURR ROAD,HUNTERSVILLE,NC,28078,(704) 896−1813 0580
967, 490 MARSH LANDING PARKWAY,JACKSONVILLE BEACH,FL,32250,(904) 273−5581 0556
968, 7795 SOUTH WEST 40TH STREET,MIAMI,FL,33155,(305) 262−5767 0556
969, 100 CHEROKEE PLACE,CARTERSVILLE,GA,30121,(770) 387−9595 0580
970, 6000 NORTH POINT PARKWAY,ALPHARETTA,GA,30022,(770) 664−5395 0580
981, 740 EARNEST BARRETT PARKWAY,KENNESAW,GA,30144,(770) 425−6895 0580
982, 3200 HOLCOMB BRIDGE ROAD,SUITE 300,NORCROSS,GA,30092,(770) 849−0885 0580
983, 22735 ROCKSIDE ROAD,BEDFORD,OH,44146,(440) 232−2093 0560
984, 1015 NORTH COURT STREET,MEDINA,OH,44256,(330) 722−7539 0560
985, 18200 ROYALTON ROAD,STRONGSVILLE,OH,44136,(440) 238−9924 0560
986, 2801 WEST MARKET,FAIRLAWN,OH,44333,(330) 865−9001 0560
987, 2400 ROMIG ROAD,SPACE #1,AKRON,OH,44322,(330) 745−0495 0560
988, 4200 KENT ROAD,STOW,OH,44224,(330) 688−5928 0560
989, 270 AIRPORT PARKWAY,HEATH,OH,43056,(740) 788−8600 0560
990, 1300 RIVER VALLEY BLVD,LANCASTER,OH,43130,(740) 681−1012 0560
991, 6775 ROOSEVELT PARKWAY,MIDDLETOWN,OH,45044,(513) 422−0013 0560
992, 202 SIEMERS DRIVE,CAPE GIRARDEAU,MO,63701,(573) 339−1778 0552
993, 6955 NORTH HIGHWAY 6,HOUSTON,TX,77084,(281) 550−8955 0578
994, 642 SOUTH WALNUT STREET,NEW BRAUNFELS,TX,78130,(830) 620−7308 0578
995, 17700 NE 76TH STREET,REDMOND,WA,98052,(425) 556−9533 0558
996, 755 NW GILMAN BLVD,ISSAQUAH,WA,98027,(425) 392−3357 0558
997, 5500 GROSSMONT CENTER DRIVE,#101,LA MESA,CA,91942,(619) 461−1960 0553
1000,200 MALCOLM DRIVE,WESTMINSTER,MD,21157,(410) 848−6180 0560
1001, 5230 CAMPBELL BOULEVARD,BALTIMORE,MD,21236,(410) 933−9632 0560
1002, 580 MARKET PLACE DRIVE,BEL AIR,MD,21014,(410) 638−7532 0560
1003, 7951 NOLPARK COURT,GLEN BURNIE,MD,21061,(410) 969−2257 0560
1004, 4600 MITCHELLVILLE ROAD,BOWIE,MD,20716,(301) 352−3830 0560
1005, 10301 NEW GUINEA ROAD,FAIRFAX,VA,22032,(703) 764−5100 0560
1006, 10500 CAMPUS WAY SOUTH,LARGO,MD,20774,(301) 324−7080 0560
1007, 3343 LAUREL FT. MEADE ROAD,LAUREL,MD,20724,(301) 483−0934 0560
1008, 3300 WESTERN PARKWAY,WALDORF,MD,20603,(301) 645−7114 0560
1009, 46201 POTOMAC RUN PLAZA,STERLING,VA,20164,(703) 444−8440 0560
1010, 1575 NIAGARA FALLS BLVD.,AMHERST,NY,14228,(716) 831−8750 0579
1011, 8290 TRANSIT ROAD,WILLIAMSVILLE,NY,14221,(716) 6391945
1012, 7414 NIAGARA FALLS BLVD,NIAGARA FALLS,NY,14304,(716) 2830085
1013, 2626 DELAWARE AVENUE,BUFFALO,NY,14216,(716) 4470094
1014, 1750 WALDEN AVENUE,CHEEKTOWAGA,NY,14225,(716) 8960493
1015, 3410 DR. ML KING JR.BLVD.,NEW BERN,NC,28562,(252) 6382954
1016, 721 SOUTHPARK BOULEVARD,COLONIAL HEIGHTS,VA,23834,(804) 520−0190 0560
1017, 2530 WEIR ROAD,CHESTER,VA,23831,(804) 7689974
1018, 5401 WEST BROAD STREET,RICHMOND,VA,23230,(804) 285−3492 0560
1019, 10100 BROOK ROAD,GLEN ALLEN,VA,23060,(804) 2622390
1020, 1911 SAVILLE ROW,HAMPTON,VA,23666,(757) 827−7637 0560
1021, 1316 GREENBRIER PARKWAY,CHESAPEAKE,VA,23320,(757) 547−1842 0560
1022, 3040 SOUTH EVANS STREET,GREENVILLE,NC,27834,(252) 355−8020 0556
1023, 4450 PARK STREET,ST PETERSBURG,FL,33709,(727) 548−0400 0556
1024, 60 YORKTOWN CENTER,LOMBARD,IL,60148,(630) 495−9560 0559
1025, 7505 LAGUNA BOULEVARD,ELK GROVE,CA,95758,(916) 6835356
1026, 205 SOSCOL AVENUE,NAPA,CA,94559,(707) 224−1058 0558
1027, 209 W. VENTURA BOULEVARD,CAMARILLO,CA,93010,(805) 384−0040 0555
1028, 2831 EASTLAND CENTER DRIVE,WEST COVINA,CA,91791,(626) 8590221
1029, 1010 N. EL CAMINO REAL,ENCINITAS,CA,92024,(760) 6331406
1030, 7989 STAGE ROAD,CORDOVA,TN,38133,(901) 383−1649 0552
1031, 1825 EAST PRIMROSE,SPRINGFIELD,MO,65804,(417) 889−1511 0552
1032, 7845 NORTH MAC ARTHUR BLVD.,IRVING,TX,75063,(972) 506−9924 0578
1033, 3100 BALDWIN PARK BLVD,BALDWIN PARK,CA,91706,(626) 851−9404 0553
1034, 3550 ZAFARANO STREET,SANTA FE,NM,87505,(505) 471−9600 0578
1035, 6241 MID−RIVERS MALL DRIVE,ST. CHARLES,MO,63304,(636) 9399433
1036, 555 SOUTH RAND ROAD,LAKE ZURICH,IL,60047,(847) 726−1174 0557
1037, 900 EAST KEMPER ROAD,SPRINGDALE,OH,45246,(513) 671−8555 0560
1038, 14075 BISCAYNE BLVD.,NORTH MIAMI BEACH,FL,33181,(305) 9445341
1039, 8350 SOUTH DIXIE HIGHWAY,MIAMI,FL,33143,(305) 6680262
1040, 1751 UNIVERSITY DRIVE,VISTA,CA,92083,(760) 941−0220 0553
1041, 11301 MIDLOTHIAN TURNPIKE,RICHMOND,VA,23235,(804) 897−5711 0560
1042, 4390 MONTGOMERY ROAD,ELLICOTT CITY,MD,21043,(410) 2031700
1043, 1025 MIDDLETON ROAD,ABERDEEN,MD,21001,(410) 297−8710 0560
1044, 6111 DOBBIN ROAD,COLUMBIA,MD,21045,(410) 2901123
1045, 11200 REISTERSTOWN ROAD,OWINGS MILLS,MD,21117,(410) 6549800
1046, 20908 FREDERICK ROAD,GERMANTOWN,MD,20876,(301) 515−6882 0560
1047, 525 FIRST COLONIAL ROAD,VIRGINIA BEACH,VA,23451,(757) 428−0233 0560
1048, 1245 N. MILITARY HIGHWAY,NORFOLK,VA,23502,(757) 4619369
1049, 11290 WEST BROAD STREET,GLEN ALLEN,VA,23060,(804) 360−8900 0560
1050, 5800 20TH STREET,VERO BEACH,FL,32966,(561) 7780376
1051, 3625 W. GANDY BLVD.,TAMPA,FL,33611,(813) 8358333
1052, 5455 CLYDE PARK S. W.,WYOMING,MI,49509,(616) 2491008
1053, 250 CROCKETT BLVD.,MERRITT ISLAND,FL,32953,(321) 4521014
1054, 1150 EL CAMINO REAL,SAN BRUNO,CA,94066,(650) 827−0171 0555
1055, 100 PARSONAGE ROAD,EDISON,NJ,08837,(732) 744−1100 0579
1056, 3112 VESTAL PARKWAY EAST,VESTAL,NY,13850,(607) 729−6611 0579
1057, 5622 AMANDA LANE,ORCHARD PARK,NY,14127,(716) 821−9511 0579
1058, 1717 OLENTANGY RIVER RD.,COLUMBUS,OH,43212,(614) 298−1070 0560
1059, 3171 LEBANON PIKE,NASHVILLE,TN,37214,(615) 889−4734 0580
1060, 201 JUNCTION ROAD,MADISON,WI,53717,(608) 827−8800 0557
1061, 5300 S. MOPAC,AUSTIN,TX,78749,(512) 892−5535 0578
1062, 2040 CALIFORNIA AVENUE,SAND CITY,CA,93955,(831) 392−1990 0555
1063, 15160 US 31 NORTH,CARMEL,IN,46032,(317) 815−0560 0559
1064, 1102 SPRINGWATER,WENATCHEE,WA,98801,(509) 664−5060 0558
1065, 850 STEGER TOWNE ROAD,ROCKWALL,TX,75032,(972) 772−0894 0578
1066, 121 LOUIS HENNA BLVD.,ROUND ROCK,TX,78664,(512) 246−7677 0578
1067, 8421 U. S. HWY. 281 N.,SAN ANTONIO,TX,78216,(210) 375−0332 0578
1068, 301 PARK DRIVE N. W.,OWATONNA,MN,55060,(507) 451−1882 0557
1069, 4301 LIEN ROAD,MADISON,WI,53704,(608) 244−4527 0557
1070, 3050 NORTH LEWIS AVENUE,WAUKEGAN,IL,60087,(847) 599−9069 0557
1071, 4101 TOWNE CENTER DRIVE,LOUISVILLE,KY,40241,(502) 326−9185 0552
1072, 4199 MORSE CROSSING,COLUMBUS,OH,43219,(614) 471−2154 0560
1073, 1129 SOUTH PARK STREET,CARROLLTON,GA,30117,(770) 838−9221 0580
1074, 21265 BISCAYNE BLVD.,AVENTURA,FL,33180,(305) 933−4616 0556
1075, 20500 S.W. 112TH AVE,MIAMI,FL,33189,(305) 235−0839 0556
1076, 3101 JEFFERSON DAVIS HIGHWAY,ALEXANDRIA,VA,22301,(703) 706−3840 0560
1077,5420 UNIVERSITY PARKWAY,WINSTON−SALEM,NC,27105,(910) 744−7880 0580
1078, 1212 BRIDFORD PARKWAY,GREENSBORO,NC,27407,(336) 856−1066 0580
1079, 1050 MALL LOOP ROAD,HIGH POINT,NC,27265,(910) 884−5222 0580
1080, 4841 GROVE BARTON ROAD,RALEIGH,NC,27613,(919) 785−1803 0560
1081, 8120 UNIVERSITY CITY BLVD,CHARLOTTE,NC,28213,(704) 599−6332 0580
1082, 2171 SOUTH 2500 EAST,AMMON,ID,83406,(208) 535−2285 0558
1083, 4120 PALISADES CENTER DRIVE,WEST NYACK,NY,10994,(914) 348−6440 0579
1084, 2690 US HWY 22 EAST,UNION,NJ,07083,(908) 688−2344 0579
1085, 2137 ROUTE 38,CHERRY HILL,NJ,08002,(856) 317−1445 0579
1086, 1040 HANES MALL BLVD.,WINSTON−SALEM,NC,27103,(336) 7749687
1087, 7860 REA ROAD,CHARLOTTE,NC,28277,(704) 542−1856 0580
1088, 12197 SUNSET HILLS ROAD,RESTON,VA,20190,(703) 478−0770 0560
1089, 8340 SUDLEY ROAD,MANASSAS,VA,20109,(703) 392−5630 0560
1090, 235 ROBERT C DANIEL JR PARKWAY,AUGUSTA,GA,30909,(706) 667−6368 0556
1091,9841 WATERSTONE BLVD,CINCINNATI,OH,45249,(513) 677−1888 0560
1092, 8680 BEECHMONT AVENUE,CINCINNATI,OH,45255,(513) 474−6006 0559
1093, 5045 GLENCROSSING WAY,CINCINNATI,OH,45238,(513) 347−3388 0559
1094, 1940 PAVILLON WAY,LEXINGTON,KY,40509,(859) 263−7448 0580
1095, 1650 NEW BRIGHTON BLVD,MINNEAPOLIS,MN,55413,(612) 781−7033 0551
1096, 860 MANKATO AVE,WINONA,MN,55987,(507) 452−7006 0557
1097, 2700 BELL ROAD,AUBURN,CA,95603,(530) 889−5650 0558
1098, 430 BLUE RAVINE ROAD,FOLSOM,CA,95630,(916) 984−9131 0558
1099, 33 SOUTH SIXTH STREET,MINNEAPOLIS,MN,55402,()
1100, 2705 TELLER ROAD,THOUSAND OAKS,CA,91320,(805) 480−9114 0555
1101, 2341 N. HIGHWAY 67,FLORISSANT,MO,63033,(314) 831−8000 0552
1102, 25 BRENTWOOD PROMENADE COURT,BRENTWOOD,MO,63144,(314) 918−9500 0552
1103,12130 JEFFERSON AVENUE,NEWPORT NEWS,VA,23602,(757) 882−8700 0560
1104, 2700 TIMBER DRIVE,GARNER,NC,27529,(919) 772−9065 0560
1105, 2060 SOUTH INDEPENDENCE BLVD,VIRGINIA BEACH,VA,23456,(757) 416−1719 0560
1106,3040 SHALLOWFORD RD NE,MARIETTA,GA,30062,(770) 321−8545 0580
1107, 4711 NEW CENTRE DRIVE,WILMINGTON,NC,28405,(910) 395−5057 0556
1108, 98 VETERANS MEMORIAL HIGHWAY,COMMACK,NY,11725,(631) 462−8969 0579
1109,380 CONSUMER SQUARE,MAYS LANDING,NJ,08330,(609) 645−8133 0579
1110, 5900 LAKE WORTH ROAD,GREENACRES CITY,FL,33463,(561) 963−3382 0556
1111, 20001 CENTER RIDGE ROAD,ROCKY RIVER,OH,44116,(440) 895−2600 0560
1112, 36195 EUCLID AVENUE,WILLOUGHBY,OH,44094,(440) 975−1922 0560
1113, 1441 − 27TH AVENUE,CORALVILLE,IA,52241,(319) 351−5150 0557
1114, 12700 CHENAL PARKWAY,LITTLE ROCK,AR,72211,(501) 217−0200 0552
1115, 503 I−45 NORTH,CONROE,TX,77304,(936) 760−2663 0578
1116, 554 W. I.H. 20,GRAND PRAIRIE,TX,75052,(972) 642−4719 0578
1117, 4225 CRESTVIEW DRIVE N.E.,RIO RANCHO,NM,87124,(505) 994−2820 0578
1118, 13950 N.E. 178TH PLACE,WOODINVILLE,WA,98072,(425) 482−6410 0558
1119, 400 NEWPARK MALL,NEWARK,CA,94560,(510) 744−1790 0555
1120, 2305 THEATRE DRIVE,PASO ROBLES,CA,93446,(805) 227−0105 0555
1121, 5837 SUNRISE BOULEVARD,CITRUS HEIGHTS,CA,95610,(916) 966−5267 0555
1122, 2220 BRIDGEPOINTE PARKWAY,SAN MATEO,CA,94404,(650) 341−0734 0555
1123, 26831 S. TAMIAMI TRAIL,BONITA SPRINGS,FL,34135,(941) 948−2300 0556
1124, 21515 TOMBALL PARKWAY,HOUSTON,TX,77070,(281) 655−1427 0578
1125, 2002 GOLF MILL CENTER,NILES,IL,60714,(847) 768−9217 0559
1126, 1851 OLD FORT PARKWAY,MURFREESBORO,TN,37129,(615) 907−2977 0580
1127, 960 FAIRPLAIN DRIVE,BENTON HARBOR,MI,49022,(616) 925−1205 0559
1128, 2490 NORTH FAIRFIELD ROAD,BEAVERCREEK,OH,45431,(937) 431−8660 0560
1129, 57OO EXECUTIVE BLVD.,HUBER HEIGHTS,OH,45424,(937) 233−0108 0560
1130, 2800 SHILOH SPRINGS ROAD,TROTWOOD,OH,45426,(937) 837−1600 0560
1131, 8151 9TH STREET NORTH,SAINT PETERSBURG,FL,33702,(727) 576−2735 0556
1132, 4001 STATE ROUTE 42,TURNERSVILLE,NJ,08012,(856) 875−0082 0579
1133, 1139 WHITE HORSE ROAD,VOORHEES,NJ,08043,(856) 566−0900 0579
1134, 201 SUNRISE BLVD.,EXTON,PA,19341,(610) 280−7233 0560
1135, 2331 EAST LINCOLN HIGHWAY,LANGHORNE,PA,19047,(215) 269−0532 0579
1136, 857 BALTIMORE PIKE,SPRINGFIELD,PA,19064,(610) 338−0530 0579
1137, 5437 URBANA PIKE,FREDERICK,MD,21704,(301) 6241790
1138, 12000 CHERRY HILL ROAD,SILVER SPRING,MD,20904,(301) 586−0724 0560
1139, 999 CORPORATE DR,WESTBURY,NY,11590,(516) 222−1003 0579
1140, 2911 JAMACHA ROAD,EL CAJON,CA,92019,(619) 660−2948 0553
1141, 2727 WEST AGUA FRIA FREEWAY,PHOENIX,AZ,85027,(623) 869−8070 0554
1142, 1238 PUTTY HILL AVENUE,TOWSON,MD,21286,(410) 823−4423 0560
1143, 1415 MAIN STREET,WATSONVILLE,CA,95076,(831) 761−9194 0555
1144, 3300 124TH AVENUE NW,COON RAPIDS,MN,55433,(763) 323−2931 0551
1145, 9450 DUNKIRK LANE,MAPLE GROVE,MN,55311,(763) 416−2020 0551
1146, 1050 BRANDYWINE PARKWAY,WILMINGTON,DE,19803,(302) 478−2500 0560
1147, 1149 SUNRISE HIGHWAY,COPIAGUE,NY,11726,(631) 841−5056 0579
1148, 838 SUNRISE HWY,BAY SHORE,NY,11706,(631) 969−8958 0579
1150, 13505 20TH AVENUE,FLUSHING,NY,11356,(718) 661−4346 0579
1151, 500 NASSAU PARK BLVD.,PRINCETON,NJ,08540,(609) 951−8555 0579
1152, 400 RYDERS LANE,MILLTOWN,NJ,08850,(732) 613−3903 0579
1153, 570 ROUTE 70 WEST,BRICK,NJ,08723,(732) 262−0600 0579
1154, 1331 HOOPER AVENUE,TOMS RIVER,NJ,08753,(732) 557−0220 0579
1155, 1515 ROUTE 22 WEST,WATCHUNG,NJ,07060,(908) 7698699
1156, 7500 COMMONS BLVD.,VICTOR,NY,14564,(716) 425−0800 0579
1157, 2325 MARKETPLACE DRIVE,ROCHESTER,NY,14623,(716) 424−3370 0579
1158, 2703 ROUTE 541,BURLINGTON,NJ,08016,(609) 239−9885 0579
1159, 125 WITCHWOOD DRIVE,NORTH WALES,PA,19454,(215) 699−5688 0579
1160, 153 SIERRA DRIVE,ALTOONA,PA,16601,(814) 9493592
1161, 4630 MONTICELLO AVENUE,WILLIAMSBURG,VA,23188,(757) 2589794
1162, 4737 VALLEY VIEW BLVD. NW,ROANOKE,VA,24012,(540) 265−6932 0560
1163, 3200 NORTH FEDERAL HIGHWAY,FT. LAUDERDALE,FL,33306,(954) 390−7992 0556
1164, 4125 AUSTELL ROAD,AUSTELL,GA,30106,(678) 945−4550 0580
1165, 2535 DALLAS HIGHWAY,MARIETTA,GA,30064,(770) 792−7933 0580
1166, 5580 NORTHWEST HIGHWAY,CRYSTAL LAKE,IL,60014,(815) 356−9265 0557
1167, 2241 WILLOW ROAD,GLENVIEW,IL,60025,(847) 657−0095 0557
1168, 2099 SKOKIE VALLEY ROAD,HIGHLAND PARK,IL,60035,(847) 266−8022 0557
1169, 7255 INTERSTATE BLVD.,HORN LAKE,MS,38637,(601) 349−1585 0552
1170, 320 S. DUFF AVE.,AMES,IA,50010,(515) 663−9500 0557
1171, 9725 S. EASTERN AVENUE,LAS VEGAS,NV,89123,(702) 914−9555 0555
1172, 2950 CHAPEL HILL ROAD,DOUGLASVILLE,GA,30135,(770) 947−5303 0580
1173, 1701 − 18TH AVENUE NW,AUSTIN,MN,55912,(507) 437−1164 0557
1174, 2300 COLLEGE WAY,FERGUS FALLS,MN,56537,(218) 736−4360 0551
1175, 632 ROUTE 46 EAST,FAIRFIELD,NJ,07004,(973) 3960069
1176, 1700 EAST RAND ROAD,ARLINGTON HEIGHTS,IL,60004,(847) 222−0925 0557
1177, 8420 N. MADISON AVE.,KANSAS CITY,MO,64155,(816) 436−8711 0552
1178, 1725 ROCKY MOUNTAIN AVE.,LOVELAND,CO,80538,(970) 669−5423 0554
1179, 1591 BRADLEY PARK DR.,COLUMBUS,GA,31904,(706) 321−0831 0556
1180, 2701 LAWNDALE DRIVE,GREENSBORO,NC,27408,(336) 286−2511 0560
1181, 1910 CATAWBA VALLEY BLVD. S.E.,HICKORY,NC,28602,(828) 267−0032 0580
1182,1112 WOODRUFF ROAD,GREENVILLE,SC,29607,(864) 286−3689 0580
1183, 800 ROCKHILL DRIVE,BENSALEM,PA,19020,(215) 364−9511 0579
1184, ROUTE 9 & SYMMES DRIVE,MANALAPAN,NJ,07726,(732) 2945190
1185, 2199 EAST HIGHWAY 36,NORTH ST PAUL,MN,55109,(651) 779−5986 0551
1186, 203−219 SOUTH BROADWAY,SALEM,NH,03079,(603) 870−0071 0579
1187, 240 INDEPENDENCE WAY,DANVERS,MA,01923,(978) 762−4439 0579
1188, 1245 BALD HILL ROAD,WARWICK,RI,02888,(401) 821−0121 0579
1189, 801 TAUNTON DEPOT DRIVE,TAUNTON,MA,02780,(508) 824−8004 0579
1190, 1205 SOUTH WASHINGTON ST.,NORTH ATTLEBORO,MA,02760,(508) 699−9118 0579
1191, 265 POND PATH ROAD,SOUTH SETAUKET,NY,11720,(631) 580−5356 0579
1192, 2105 ROUTE 35,MIDDLETOWN,NJ,07748,(732) 706−9222 0579
1193, 25 GRAND CORNER AVENUE,GAITHERSBURG,MD,20878,(301) 721−1760 0560
1194, 600 GREECE RIDGE CENTER DRIVE,ROCHESTER,NY,14626,(716) 225−0240 0579
1195,2161 FAIRPORT NINE MILE POINT RD,FAIRPORT,NY,14450,(716) 377−0360 0579
1196, 401 EASTON ROAD,WARRINGTON,PA,18976,(215) 491−5370 0579
1197, 3535 PEACHTREE ROAD NE,ATLANTA,GA,30326,(404) 237−9494 0580
1198, 3519 CLEMSON BLVD.,ANDERSON,SC,29621,(864) 224−9772 0580
1199, 134 HARBISON BOULEVARD,COLUMBIA,SC,29212,(803) 749−0869 0556
1200, 1100 HANSEL AVENUE,FLORENCE,KY,41042,(606) 371−7771 0559
1201, 17810 E. 39TH STREET,INDEPENDENCE,MO,64055,(816) 373−1800 0552
1202, 1914 SOUTH BROADWAY,NEW ULM,MN,56073,(507) 359−8099 0557
1203, 1180 THORPE LANE,SAN MARCOS,TX,78666,(512) 805−7000 0578
1204, 8234 AGORA PARKWAY,SELMA,TX,78154,N.E.
1205, HIGHWAY 16 & BURNHAM BLVD.,GIG HARBOR,WA,98335,(253) 8589777
1206, 3205 WOODWARD CROSSING BLVD,BUFORD,GA,30519,(678) 482−2367 0580
1207, 8750 WEST CHARLESTON BLVD.,LAS VEGAS,NV,89117,(702) 933−2300 0555
1208, 1871 NORTH MAIN STREET,WALNUT CREEK,CA,94596,(925) 979−0083 0555
1209, 1515 EAST WARNER ROAD,GILBERT,AZ,85296,(480) 892−2282 0553
1210, 1370 HIGHWAY 15 SOUTH,HUTCHINSON,MN,55350,(320) 587−7113 0551
1211, 2323 HIGHWAY 3 SOUTH,NORTHFIELD,MN,55057,(507) 6454777
1212, 1250 PORT WASHINGTON ROAD,GRAFTON,WI,53024,(262) 375−6395 0557
1213, 13460 ARCHER AVENUE,LEMONT,IL,60439,(630) 243−6511 0559
1214, 10202 EAST WASHINGTON STREET,INDIANAPOLIS,IN,46229,(317) 899−3198 0559
1215,240 MARKET DRIVE,ELYRIA,OH,44035,(440) 324−1000 0560
1216, 335 WASHINGTON ROAD,WASHINGTON,PA,15301,(724) 229−9277 0560
1217, 600 CHAUVET DRIVE,PITTSBURGH,PA,15275,(412) 490−0488 0560
1218, 9805 MCKNIGHT ROAD,PITTSBURGH,PA,15237,(412) 369−9411 0560
1219, 4004 MONROEVILLE BLVD,MONROEVILLE,PA,15146,(412) 374−9611 0560
1220, HEMPFIELD SQUARE, RR6, BOX 216,GREENSBURG,PA,15601,(724) 853−7440 0560
1221,2610 PLEASANT VALLEY ROAD,YORK,PA,17402,(717) 755−2759 0560
1222, 2769 PAPER MILL ROAD,WYOMISSING,PA,19610,(610) 374−9875 0560
1223, 555 BULLSBORO,NEWNAN,GA,30263,(770) 502−0294 0580
1224, 200 PROMENADE BLVD.,BRIDGEWATER,NJ,08807,(732) 868−8333 0579
1225, 4601 COMMONWEALTH CENTRE PKWAY,MIDLOTHIAN,VA,23112,(804) 639−0580 0560
1226, 1395−D WESTERN BLVD,JACKSONVILLE,NC,28546,(910) 937−6400 0556
1227, 80 DAMANTE DRIVE,CONCORD,NH,03301,(603) 227−0809 0579
1228, 310 DANIEL WEBSTER HIGHWAY,NASHUA,NH,03060,(603) 891−4858 0579
1229, 1 MYSTIC VIEW ROAD,EVERETT,MA,02149,(617) 4200000
1230, 6280 EAGLE ROAD,BOISE,ID,83713,(208) 9388350
1231, 907 W. MCDERMOTT DRIVE,ALLEN,TX,75013,(972) 396−9486 0578
1232, 50 HOLYOKE STREET,HOLYOKE,MA,01041,(413) 532−0240 0579
1233, 125 EAST NORTHPOINTE DRIVE,SALISBURY,MD,21804,(410) 572−6144 0560
1234, 2340 LEGGE BLVD,WINCHESTER,VA,22601,(540) 535−0220 0560
1235, 2401 COULEE ROAD,HUDSON,WI,54016,(715) 381−0469 0557
1236, 1485 POLARIS PARKWAY,COLUMBUS,OH,43240,(614) 430−5585 0560
1237, 2550 CATRON STREET,BOZEMAN,MT,59718,(406) 582−9669 0554
1238, 13200 JAMBOREE ROAD,IRVINE,CA,92602,(714) 838−1209 0553
1239, 911 JACKS VALLEY ROAD,CARSON CITY,NV,89705,(775) 267−5151 0558
1240, 2880 S ALMA SCHOOL ROAD,CHANDLER,AZ,85248,(480) 782−1881 0554
1241, 2300 HIGHWAY K,OFALLON,MO,63366,(636) 379−2903 0552
1242, 1515 NORTH LITCHFIELD ROAD,GOODYEAR,AZ,85338,(623) 935−3510 0554
1243, 2189 WEST CRAIG ROAD,LAS VEGAS,NV,89032,(702) 648−1005 0555
1244, 356 12TH STREET SW,FOREST LAKE,MN,55025,(651) 464−4700 0551
1245, 875 GENERAL SIEBEN DRIVE,HASTINGS,MN,55033,(651) 480−2080 0557
1246, 410 ASHLAND AVENUE,STURGEON BAY,WI,54235,(920) 7435775
1247, 1001 CORMIER ROAD,GREEN BAY,WI,54304,(920) 4990494
1248, 1800 SOUTH KENSINGTON DRIVE,APPLETON,WI,54915,(920) 749−9770 0557
1249, 20 BUCKLAND ROAD,SOUTH WINDSOR,CT,06074,(860) 3270082
1250, 800 WATKINS ROAD,MARYVILLE,TN,37803,(865) 982−1590 0580
1251, 650 BROWN ROAD,AUBURN HILLS,MI,48326,(248) 393−8106 0559
1252, 2300 MIAMISBURG−CENTERVILLE ROAD,DAYTON,OH,45459,(937) 435−3817 0560
1253,360 EAST WATERFRONT DRIVE,HOMESTEAD,PA,15120,(412) 464−2522 0560
1254, 201 PARKCHESTER ROAD,HARRISBURG,PA,17112,(717) 671−8098 0560
1255, US RT 91 − 90 ELM STREET,ENFIELD,CT,06083,(860) 7412676
1256, 1495 OLD YORK ROAD,ABINGTON,PA,19001,(215) 5726977
1257, 17213 COLE ROAD,HAGERSTOWN,MD,21740,(301) 582−9118 0560
1258, 45155 FIRST COLONY WAY,CALIFORNIA,MD,20619,(301) 862−5003 0560
1259, 1717 ROUTE 228,CRANBERRY,PA,16066,(724) 778−9000 0560
1260, 350 POCONO_COMMONS,STROUDSBURG,PA,18360,(570) 426−1050 0579
1261, 30 RHL_BOULEVARD,CHARLESTON,WV,25309,(304) 746−5445 0560
1262, 500 WEST SUNRISE HWY,VALLEY STREAM,NY,11581,(516) 568−9264 0579
1263, 543 RIVER ROAD,EDGEWATER,NJ,07020,(201) 4020252
1264, 3850 HEMPSTEAD TURNPIKE,LEVITTOWN,NY,11756,(516) 731−9392 0579
1265, 9901 YORK ROAD,COCKEYSVILLE,MD,21030,(410) 683−4985 0560
1266, 101 COMMERCE WAY,WOBURN,MA,01801,(781) 9040002
1267, 900 HARTFORD − NEW LONDON TURNPIKE,WATERFORD,CT,06385,(860) 4423300
1268,1440 CENTRAL AVENUE,COLONIE,NY,12205,(518) 489−1112 0579
1269, 2250 CHEMICAL ROAD,PLYMOUTH MEETING,PA,19462,(610) 2760042
1270, 1717 LEBANON CHURCH ROAD,WEST MIFFLIN,PA,15122,(412) 5020020
1271, 3031 ROUTE 50,SARATOGA SPRINGS,NY,12866,(518) 226−0003 0579
1272, 1685 17TH AVENUE EAST,SHAKOPEE,MN,55379,(952) 445−5332 0557
1273, 1749 EAST NINE MILE ROAD,PENSACOLA,FL,32514,(850) 4738647
1274, 1698 US HIGHWAY 98,DAPHNE,AL,36526,(334) 621−3540 0556
1275, 4040 WARDS ROAD,LYNCHBURG,VA,24502,(804) 239−6163 0560
1277, 1885 WEST FIRST STREET,SPRINGFIELD,OH,45504,(937) 3242584
1278, 3849 VOGEL ROAD,ARNOLD,MO,63010,(636) 287−1055 0552
1279, 1042 SOUTH KIRKWOOD,KIRKWOOD,MO,63122,(314) 822−4051 0552
1280, 3881 MEXICO ROAD,ST CHARLES,MO,63303,(636) 922−0165 0552
1281, 250 FORTUNE BLVD.,MILFORD,MA,01757,(508) 4785880
1282, 3303 NORTH MONTANA AVENUE,HELENA,MT,59602,(406) 495−8368 0554
1283, 41040 CALIFORNIA OAKS ROAD,MURRIETA,CA,92562,(909) 696−7527 0553
1284, 302 N.E. NORTHGATE WAY,SEATTLE,WA,98125,(206) 4940897
1285, 3749 CARPENTER ROAD,YPSILANTI,MI,48197,(734) 975−4396 0559
1286, 2450 LAPORTE AVENUE,VALPARAISO,IN,46383,(219) 5316448
1287, 6700 PEACH STREET,ERIE,PA,16509,(814) 8608511
1288, 315 LOWES BLVD.,STATE COLLEGE,PA,16801,(814) 8618660
1289, 475 HARTFORD ROAD,NEW BRITAIN,CT,06053,(860) 3489100
1290, 400 LYNN FELLS PARKWAY,SAUGUS,MA,01906,(781) 3070000
1292, 195 CONSTON AVENUE,CHRISTIANSBURG,VA,24073,(540) 3819459
1293, 3030 HARBOR BLVD,COSTA MESA,CA,92626,(714) 9790372
1294, US HIGHWAY & ARAPAHO AVE.,SAINT AUGUSTINE,FL,32086,(
1295, 6100 GREENBELT ROAD,GREENBELT,MD,20770,(301) 8370054
1296, ONE GALLERIA DRIVE,MIDDLETON,NY,10941,(845) 6923700
1298, 1050 FORDING ISLAND ROAD,BLUFFTON,SC,29910,(843) 815−3321 0556
1299, 3570 HARDEN BLVD.,LAKELAND,FL,33803,(863) 6484412
1300, 10490 SAN JOSE BLVD.,JACKSONVILLE,FL,32257,(904) 2684334
1301, 5555 YOUNGSTOWN− WARREN ROAD #950,NILES,OH,44446,(330) 5051928
1302,1816 GUNBARREL ROAD,CHATTANOOGA,TN,37421,(423) 4901418
1303, 215 BALSAM STREET NORTH−SUITE 100,CAMBRIDGE,MN,55008,(763) 689−3858 0551
1304,3000 COUNTRYSIDE DRIVE,TURLOCK,CA,95380,(209) 6320132
1305, 11525 EAST SOUTH STREET,CERRITOS,CA,90703,(562) 2740063
1306, 3535 SOUTH LACIENGA BLVD.,LOS ANGELES,CA,90016,(310) 8951131
1307, 5711 SEPULVEDA BLVD,VAN NUYS,CA,91411,(818) 7790163
1308, 400 COCHITUATE ROAD,FRAMINGHAM,MA,01701,(508) 6283136
1309, 14920 RAYMER STREET,VAN NUYS,CA,91405,(818) 9221001
1310, 2545 WHISKEY ROAD,AIKEN,SC,29803,(803) 6442721
1311, 4798 SOUTH MOORLAND ROAD,NEW BERLIN,WI,53151,(262) 2070013
1312, 148 JOHN HUNN BROWN ROAD,DOVER,DE,19901,(302) 7410434
1313, 1301 COOLIDGE HWY,TROY,MI,48084,(248) 6149792
1314, 197 GROVIS BLUFF PLAZA DRIVE,FENTON,MO,63026,(636) 3261479
1315,501−1099 WEST EDGAR ROAD,LINDEN,NJ,07036,(908) 4741733
1316, 1225 WEST IRVINGTON ROAD,TUCSON,AZ,85746,(520) 2951277
1317, 9666 OLD US 20,ROSSFORD,OH,43460,(419) 8728310
1318, 1300 ULSTER AVENUE,KINGSTON,NY,12401,(845) 3362045
1319, 10204 TWO NOTCH ROAD,COLUMBIA,SC,29223,(803) 4194086
1322, 372 COX CREEK PARKWAY,FLORENCE,AL,35360,(256) 7646924
1324, 1285 SOM CENTER ROAD,MAYFIELD HEIGHTS,OH,44124,(440) 9959300
1325, 35830 DETROIT ROAD,AVON,OH,44011,(440) 9374301
1326, NEQ FOUNDERS PKWY & TRAIL BOSS RD,CASTLE ROCK,CO,80104,(303) 6634322
1327,32331 NORTH SCOTTSDALE ROAD,SCOTTSDALE,AZ,85262,(480) 5757043
1328, 12300 SEAL BEACH BLVD.,SEAL BEACH,CA,90740,(562) 5969887
1329, 3471 WEST CENTURY BLVD.,INGLEWOOD,CA,90303,(310) 6772436
1330, 630 MAIN STREET,HACKENSACK,NJ,07601,(201) 6780599
1331, 9601 MARKET PLACE,LAKE STEVENS,WA,98258,(425) 3978144
1332, 3121 COLORADO BLVD,PASADENA,CA,91107,(626) 5842931
1333, 403 MAIN STREET,BILLINGS,MT,59105,(406) 2567020
1334, 3250 US HIGHWAY 41 WEST,MARQUETTE,MI,49855,(906) 2260088
1335, 13731 WEST BELL ROAD,SURPRISE,AZ,85374,(623) 9754122
1336, 8500 MAIN STREET,HOUSTON,TX,77030,(713) 6660967
1337, 1200 SOUTH FEDERAL HIGHWAY,DEERFIELD BEACH,FL,33441,(954) 4284970
1338, 200 RUNNING HILL ROAD,SOUTH PORTLAND,ME,04106,(207) 8711156
1339, 1600 WEST ARBROOK,ARLINGTON,TX,76015,(817) 5572177
1340, 10600 FIRESTONE BOULEVARD,NORWALK,CA,90650,(562) 4068870
1341, 13047 FAIR LAKES SHOPPING CENTER,FAIRFAX,VA,22033,(703) 4497100
1342,7000 NORTH MANHIEM ROAD,ROSEMONT,IL,60018,(847) 7951760
1344, 88−01 QUEENS BLVD.,ELMHURST,NY,11373,(718) 7605656
1345, 70 PRINCETON HIGHTSTOWN ROAD,EAST WINDSOR,NJ,08520,(609) 3172273
1346,6275 UNIVERSITY DRIVE,HUNTSVILLE,AL,35806,(256) 9220189
1347, 7110 YOUREE DRIVE,SHREVEPORT,LA,71105,(318) 7971190
1348, 525−545 LINCOLN STREET,WORCESTER,MA,01605,(508) 8523094
1349, 8199 GREENVILLE HWY,SPARTANBURG,SC,29301,(864) 5741211
1350, 11750 COMMERCIAL,FISHERS,IN,46038,(317) 8454945
1351, 3827 MARKETPLACE DRIVE NW,ROCHESTER,MN,55901,(507) 5362555
1352, 111 PIONEER TRAIL,CHASKA,MN,55318,(952) 3613043
1354, 18255 BLANCO ROAD,SAN ANTONIO,TX,78258,(210) 7647876
1355, U.S.5 AND SLEATER −KINNEY ROAD SE,LACEY,WA,98501,(360) 4868920
1356,4802 HIGHWAY 101,MINNETONKA,MN,55345,(952) 4017022
1357, 275 SOUTH RIVER ROAD,ST GEORGE,UT,84770,(435) 6272030
1359, 6000 HIGHWAY 6 & MURPHY ROAD,MISSOURI CITY,TX,77459,(281) 4036662
1360,21001 NORTH TATUM BLVD,PHOENIX,AZ,85050,(480) 4199380
1361, 9350 W NORTHERN AVE.,PEORIA,AZ,85345,(623) 8778440
1362, I−5 AND EMPIRE AVENUE,BURBANK,CA,91504,(818) 2380132
1363, 6845 SIERRA CENTER PARKWAY,RENO,NV,89511,(775) 8538900
1364, 895 SOUTH STATE ROAD 135,GREENWOOD,IN,46143,(317) 8835200
1365, 751 S RTE 73,EVESHAM,NJ,08053,(
1366, 10401 N MICHIGAN ROAD,CARMEL,IN,46032,(317) 8760809
1367, 2750 CARL T JONES DRIVE SE,HUNTSVILLE,AL,35802,(256) 6503491
1368, 1401 W GLADE ROAD,EULESS,TX,76039,(817) 3998494
1369, 6885 SIEGEN LANE,BATON ROUGE,LA,70809,SIEGEN
1370, 11100 PARKSIDE DRIVE,KNOXVILLE,TN,37922,(
1371, SEQ DAVE LYLE BLVD & SPRINGSTEEN RD,ROCK HILL,SC,29730,(803) 9853040
1372,1001 E 120TH AVE,THORNTON,CO,80233,(303) 2800400
1373, 474 CHAMBERLAIN HWY,MERIDEN,CT,06451,(203) 6346049
1374, ROUTE 6 & COMMERCE WAY,SEEKONK,MA,02771,(508) 3361117
1375, 900 NICOLLET MALL,MINNEAPOLIS,MN,55403,(612) 3380085
1376, 790 SCHILLINGER ROAD SOUTH,MOBILE,AL,36695,(
1377, 255 FM 2094,KEMAH,TX,77565,(
1378, SEAVIEW SQUARE MALL & ROUTE 66,OCEAN,NJ,07712,(
1379, 4609 LOG CABIN ROAD,MACON,GA,31206,(478) 4050273
1380, 2929 WATSON BLVD,WARNER ROBINS,GA,31093,(478) 9712141
1381, 2205 WALKER LAKE ROAD,MANSFIELD,OH,44903,(419) 7471313
1382, 1201 COUNTY ROAD 581,WESLEY CHAPEL,FL,33543,(
1383, 1893 MALVERN AVE,FULLERTON,CA,92632,(714) 2781024
1384, ROSEDALE HIGHWAY & MAIN PLAZA DRIVE,BAKERSFIELD,CA,93312,(661) 5890554
1385,1400 WEST LAKE − COOK ROAD,WHEELING,IL,60090,(
1386, 2151 NORTH POWER ROAD,MESA,AZ,85207,(480) 8302035
1388, I−35 & CHOUTEAU TRAFFICWAY,KANSAS CITY,MO,64117,(816) 4522164
1389, 1900 DEPTFORD CENTER ROAD,DEPTFORD,NJ,08096,(856) 4018878
1390, 4241 LA VISTA ROAD,TUCKER,GA,30084,(770) 2705375
1391, 2070 SAM RILLENBERG BLVD.,CHARLESTON,SC,29407,(
1392, 1850 NORTHWEST CHIPMAN ROAD,LEES SUMMIT,MO,64081,(
1393, 100 RIVERS EDGE DRIVE,MILFORD,OH,45150,(
1394, 1525 MARKETPLACE BLVD,CUMMING,GA,30041,(
1395, 725 HEBRON PARKWAY,LEWISVILLE,TX,75057,(
1397, 13924 N PENNSYLVANIA AVE.,EDMOND,OK,73034,(
1398, 1200 EAST 2ND STREET,EDMOND,OK,73083,(
1399, 1720 PRIEN LAKE ROAD,LAKE CHARLES,LA,70601,(
1400, HWY 278 & SOUTH GREENFIELD ROAD,HIRAM,GA,30141,(
1402,3020 ROUTE 34,OSWEGO,IL,60543,(
1403, 12800 SOUTH ROUTE 59,PLAINFIELD,IL,60544,(
1404, NWC I −295 & HIGHWAY 44,SMITHFIELD,RI,02816,(
1405, 4575 WEST 11TH AVENUE,EUGENE,OR,97402,(
1406, 21500 NE HALSEY,FAIRVIEW,OR,97024,(
1407, I−280 & SERRAMONTE BLVD,DALY CITY,CA,94015,(
1408, 2626 COLORADO BLVD,EAGLE ROCK,CA,90041,(
1410, 1288 CAMINO DEL RIO NORTH,SAN DIEGO,CA,92103,(
1411, 3600 ROSEMEAD BLVD,ROSEMEAD,CA,91770,(
1412, SUNNYVALE AVENUE & IOWA AVENUE,SUNNYVALE,CA,94086,(
1416,6600 SPRINGFIELD MALL,SPRINGFIELD,VA,22150,(
1417, 5740 NORTH BLACKSTONE,FRESNO,CA,93710,(
1419, 9800 SE WASHINGTON STREET,PORTLAND,OR,97216,(
1420, ROUTE 337 & TAYLOR ROAD,CHESAPEAKE,VA,23321,(
1433, 1400 NORTH HAYDEN ISLAND DRIVE,PORTLAND,OR,97217,(
1441,WASHINGTON STREET & SOMERVILLE AVE,SOMERVILLE,MA,02143,(
1750, 200 NORTH MARKET PLACE DRIVE,CENTERVILLE,UT,84014,(801) 292−0071 0554
1751,7025 SOUTH PARK CENTRE DRIVE,SALT LAKE CITY,UT,84121,(801) 255−2292 0554
1752, 10130 SOUTH STATE STREET,SANDY,UT,84070,(801) 2553301
1753, 1135 WEST RIVERDALE ROAD,RIVERDALE,UT,84405,(801) 392−1990 0554
1754, 175 WEST CENTER STREET,OREM,UT,84057,(801) 224−6007 0554
1755, 815 WEST 2000 NORTH,LAYTON,UT,84041,(801) 773−0287 0554
1756, 15345 WEST 119TH STREET,OLATHE,KS,66062,(913) 393−4400 0552
1757, 12200 BLUE VALLEY PARKWAY,OVERLAND PARK,KS,66213,(913) 327−7770 0552
1758, 2055 WEST PARK PLACE BLVD.,STONE MOUNTAIN,GA,30087,(770) 879−5898 0580
1759, 15700 SHAWNEE MISSION PARKWAY,SHAWNEE,KS,66217,(913) 962−8222 0552
1760,325 NORTH ALAFAYA TRAIL,ORLANDO,FL,32828,(407) 482−8155 0556
1761, 1135 WOODSTOCK ROAD,ROSWELL,GA,30075,(770) 998−0144 0580
1762, 3630 STATE ROAD 26 EAST,LAFAYETTE,IN,47905,(765) 446−8551 0559
1763, 3201 PRESTON ROAD,FRISCO,TX,75034,(972) 668−6880 0578
1764, 2200 DALLAS PARKWAY,PLANO,TX,75093,(972) 781−6587 0578
1765, 8000 DENTON HIGHWAY,WATAUGA,TX,76148,(817) 427−8039 0578
1766, 1400 PRECINCT LINE ROAD,HURST,TX,76053,(817) 282−8808 0578
1767, 2135 S.E. DELAWARE AVENUE,ANKENY,IA,50021,(515) 964−9000 0557
1768, NWQ BLAIRS FERRY RD & ROCKWELL DR,CEDAR RAPIDS,IA,52402,(
1769,400 MARSHALL ROAD,SUPERIOR,CO,80027,(303) 2090106
1770, 5700 OVERTON RIDGE BLVD,FORT WORTH,TX,76132,(817) 4231600
1771, 3400 EDGEWOOD ROAD S.W.,CEDAR RAPIDS,IA,52404,(319) 3964444
1772, 4616 HIGHWAY 280,BIRMINGHAM,AL,35242,(205) 4087687
1773, 1654 GADSEN HIGHWAY,TRUSSVILLE,AL,35235,(205) 6556950
1774, 3649 SOUTH HASTINGS WAY,EAU CLAIRE,WI,54701,(715) 8380196
1775, 16731 COIT ROAD,DALLAS,TX,75248,(214) 7750206
1776, 9390 W CROSS DRIVE,LITTLETON,CO,80123,(720) 9221475
1777, 17810 WEST CENTER,OMAHA,NE,68130,(402) 6974930
1778, 7730 WEST COMMERCIAL BLVD.,LAUDERHILL,FL,33351,(954) 5726724
1779, 3935 VENTURE DRIVE,DULUTH,GA,30096,(770) 2321929
1780, 140 WOODSTOCK SQUARE AVENUE,WOODSTOCK,GA,30189,(678) 4945307
1781, 7501 WEST COLONIAL DRIVE,ORLANDO,FL,32818,(407) 2906728
1782, 10711 EAST 71ST STREET SOUTH,TULSA,OK,74133,(
1783,3601 32ND AVENUE SOUTH,GRAND FORKS,ND,58201,(701) 7876177
1784, 6419 SKILLMAN STREET,DALLAS,TX,75231,(214) 348−0240 0578
1785, 11311 BANDERA ROAD,SAN ANTONIO,TX,78250,(210) 6822253
1786, 16300 SOUTHWEST FREEWAY,SUGARLAND,TX,77479,(281) 3400550
1787, 1901 13TH AVENUE EAST,TUSCALOOSA,AL,35401,(
1788, 10209 EAST HWY 36,AVON,IN,46123,(317) 2716483
1789, 4850 EAST SOUTHPORT,INDIANAPOLIS,IN,46237,(317) 7874169
1790, 2155 TOWN CENTER BLVD,ORLANDO,FL,32837,(407) 2515133
1791, 11148 PLUM DRIVE,URBANDALE,IA,50322,(515) 2706556
1792, 1501 EAST SAN MARNAN DRIVE,WATERLOO,IA,50702,(319) 2266500
