Keywords,city,Agg store_number,store_number,address,state,zip_code
Macy's,Orlando,1,#1 #01 #0001 #001 1,4298 Millenia Blvd.,FL,32839
Macy's,Maple Shade,2,#2 #02 #0002 #002 2,493 Route 38 West,NJ,8052
Macy's,Albany,3,#3 #03 #0003 #003 3,120 Washington Avenue Extension,NY,12203
Macy's,Arlington,5,#5 #05 #0005 #005 5,1000 South Hayes Street,VA,22202
Macy's,Bay Shore,11,#11 #011 #00011 #0011 11,1701 Sunrise Highway,NY,11706
Macy's,Bedford,13,#13 #013 #00013 #0013 13,125 South River Road,NH,3110
Macy's,Boston,14,#14 #014 #00014 #0014 14,450 Washington Street,MA,2111
Macy's,Boynton Beach,15,#15 #015 #00015 #0015 15,801 N. Congress Avenue,FL,33426
Macy's,Braintree,16,#16 #016 #00016 #0016 16,250 Granite Street,MA,2184
Macy's,Bridgewater,17,#17 #017 #00017 #0017 17,400 Commons Way,NJ,8807
Macy's,Brockton,18,#18 #018 #00018 #0018 18,200 Westgate Drive,MA,2301
Macy's,Bronx,20,#20 #020 #00020 #0020 20,1441 Metropolitan Avenue,NY,10462
Macy's,Brooklyn,21,#21 #021 #00021 #0021 21,422 Fulton Street,NY,11201
Macy's,Brooklyn,22,#22 #022 #00022 #0022 22,5400 Avenue U,NY,11234
Macy's,Burlington,25,#25 #025 #00025 #0025 25,1300 Middlesex Turnpike,MA,1803
Macy's,Carle Place,26,#26 #026 #00026 #0026 26,155 Glen Cove Road,NY,11514
Macy's,Cherry Hill,27,#27 #027 #00027 #0027 27,2000 Rt. 38; Suite 200,NJ,8002
Macy's,Commack,28,#28 #028 #00028 #0028 28,2 Veterans Memorial Highway,NY,11725
Macy's,Danbury,29,#29 #029 #00029 #0029 29,7 Backus Avenue,CT,6810
Macy's,Deptford,30,#30 #030 #00030 #0030 30,1750 Almonesson Road,NJ,8096
Macy's,Douglaston,31,#31 #031 #00031 #0031 31,242-02 61st Avenue,NY,11362
Macy's,Edison,36,#36 #036 #00036 #0036 36,275 Parsonage Road,NJ,8837
Macy's,Elmhurst,38,#38 #038 #00038 #0038 38,90-01 Queens Blvd.,NY,11373
Macy's,Fairfax,39,#39 #039 #00039 #0039 39,11901 L Lee Jackson Memorial Hwy.,VA,22033
Macy's,Flushing,40,#40 #040 #00040 #0040 40,136-50 Roosevelt Avenue,NY,11354
Macy's,Framingham,41,#41 #041 #00041 #0041 41,1 Worcester Road,MA,1701
Macy's,Garden City,43,#43 #043 #00043 #0043 43,630 Old Country Road,NY,11530
Macy's,Glen Burnie,44,#44 #044 #00044 #0044 44,7900 Ritchie Highway,MD,21061
Macy's,Hampton Bays,45,#45 #045 #00045 #0045 45,190 West Montauk Highway,NY,11946
Macy's,Hicksville,46,#46 #046 #00046 #0046 46,100 Broadway Mall,NY,11801
Macy's,Huntington Station,47,#47 #047 #00047 #0047 47,160 Walt Whitman Rd,NY,11746
Macy's,Jersey City,49,#49 #049 #00049 #0049 49,20 Mall Drive East,NJ,7310
Macy's,Kenner,50,#50 #050 #00050 #0050 50,1401 West Esplanade,LA,70065
Macy's,King Of Prussia,52,#52 #052 #00052 #0052 52,680 West DeKalb Pike,PA,19406
Macy's,Lake Grove,53,#53 #053 #00053 #0053 53,2 Smith Haven Mall,NY,11755
Macy's,Langhorne,54,#54 #054 #00054 #0054 54,2300 East Lincoln Highway,PA,19047
Macy's,Lawrenceville,55,#55 #055 #00055 #0055 55,400 Quakerbridge Road,NJ,8648
Macy's,Ledgewood,56,#56 #056 #00056 #0056 56,461 Route 10 East,NJ,7852
Macy's,Livingston,57,#57 #057 #00057 #0057 57,South Orange Ave. & Walnut St.,NJ,7039
Macy's,Manhasset,58,#58 #058 #00058 #0058 58,1100 Northern Blvd.,NY,11030
Macy's,Massapequa,59,#59 #059 #00059 #0059 59,400 Sunrise Mall,NY,11758
Macy's,May%27s Landing,60,#60 #060 #00060 #0060 60,4401 Black Horse Pike,NJ,8330
Macy's,McLean,61,#61 #061 #00061 #0061 61,1651 International Drive,VA,22102
Macy's,Miami,63,#63 #063 #00063 #0063 63,9100 SW 136th Street,FL,33176
Macy's,Nanuet,66,#66 #066 #00066 #0066 66,200 Nanuet Mall,NY,10954
Macy's,Nashua,67,#67 #067 #00067 #0067 67,310 Daniel Webster Hwy.,NH,3060
Macy's,Natick,68,#68 #068 #00068 #0068 68,1245 Worcester Road,MA,1760
Macy's,New York,70,#70 #070 #00070 #0070 70,151 West 34th Street,NY,10001
Macy's,Newark,71,#71 #071 #00071 #0071 71,501 Christiana Mall Road,DE,19702
Macy's,Newington,72,#72 #072 #00072 #0072 72,50 Fox Run Road,NH,3801
Macy's,North Brunswick,74,#74 #074 #00074 #0074 74,929 US Highway 1,NJ,8902
Macy's,North Wales,75,#75 #075 #00075 #0075 75,Montgomery Mall,PA,19454
Macy's,Owings Mills,76,#76 #076 #00076 #0076 76,10200 Mill Run Circle,MD,21117
Macy's,West Palm Beach,77,#77 #077 #00077 #0077 77,575 Rosemary Avenue,FL,33401
Macy's,Paramus,79,#79 #079 #00079 #0079 79,500 Garden State Plaza,NJ,7652
Macy's,Paramus,80,#80 #080 #00080 #0080 80,275 Route 4 West,NJ,7652
Macy's,Paramus,81,#81 #081 #00081 #0081 81,100 Paramus Park,NJ,7652
Macy's,Peabody,82,#82 #082 #00082 #0082 82,210 Andover St.,MA,1960
Macy's,Baltimore,83,#83 #083 #00083 #0083 83,8200 Perry Hall Blvd.,MD,21236
Macy's,Rockaway,85,#85 #085 #00085 #0085 85,303 Mount Hope Avenue,NJ,7866
Macy's,Salem,86,#86 #086 #00086 #0086 86,85 Rockingham Park Blvd,NH,3079
Macy's,San Juan,87,#87 #087 #00087 #0087 87,525 F. D. Roosevelt Avenue,PR,918
Macy's,Short Hills,88,#88 #088 #00088 #0088 88,1220 Morris Turnpike,NJ,7078
Macy's,South Plainfield,89,#89 #089 #00089 #0089 89,6305 Hadley Road,NJ,7080
Macy's,South Portland,90,#90 #090 #00090 #0090 90,100 Maine Mall Road,ME,4106
Macy's,Springfield,91,#91 #091 #00091 #0091 91,Baltimore Pike & Sproul Road,PA,19064
Macy's,Springfield,92,#92 #092 #00092 #0092 92,6400 T. Springfield Mall,VA,22150
Macy's,Springfield,93,#93 #093 #00093 #0093 93,114 Route 22 West,NJ,7081
Macy's,Stamford,94,#94 #094 #00094 #0094 94,151 Broad Street,CT,6901
Macy's,Staten Island,95,#95 #095 #00095 #0095 95,112 Richmond Hill Road,NY,10314
Macy's,Swansea,96,#96 #096 #00096 #0096 96,Route 6 & 118,MA,2777
Macy's,Toms River,97,#97 #097 #00097 #0097 97,1201 Hooper Avenue,NJ,8753
Macy's,Trumbull,98,#98 #098 #00098 #0098 98,5065 Main Street,CT,6611
Macy's,Valley Stream,99,#99 #099 #00099 #0099 99,1000 Green Acres Mall,NY,11581
Macy's,Warwick,100,#100 #0100 #000100 #00100 100,400 Bald Hill Road,RI,2886
Macy's,Waterford,101,#101 #0101 #000101 #00101 101,850 Hartford Turnpike,CT,6385
Macy's,Wayne,102,#102 #0102 #000102 #00102 102,Hamburg Turnpike,NJ,7470
Macy's,Wayne,103,#103 #0103 #000103 #00103 103,100 Route 46,NJ,7470
Macy's,Wayne,104,#104 #0104 #000104 #00104 104,200 Route 46,NJ,7470
Macy's,White Plains,107,#107 #0107 #000107 #00107 107,100 Main Street,NY,10601
Macy's,Whitehall,108,#108 #0108 #000108 #00108 108,300 Lehigh Valley Mall,PA,18052
Macy's,Willow Grove,109,#109 #0109 #000109 #00109 109,2500 West Moreland Road,PA,19090
Macy's,Woodbridge,110,#110 #0110 #000110 #00110 110,237 Woodbridge Center Drive,NJ,7095
Macy's,Yonkers,111,#111 #0111 #000111 #00111 111,800 Central Park Ave.,NY,10704
Macy's,Yorktown Heights,112,#112 #0112 #000112 #00112 112,700 Lee Blvd. & Route 6,NY,10598
Macy's,Aiea,113,#113 #0113 #000113 #00113 113,98-205 Kaonohi St.,HI,96701
Macy's,Albuquerque,114,#114 #0114 #000114 #00114 114,6600 Menual,NM,87110
Macy's,Arcadia,115,#115 #0115 #000115 #00115 115,400 S. Baldwin Avenue,CA,91006
Macy's,Bakersfield,116,#116 #0116 #000116 #00116 116,2601 Ming Avenue,CA,93304
Macy's,Bloomington,117,#117 #0117 #000117 #00117 117,4000 S.W. Court,MN,55425
Macy's,Brea,118,#118 #0118 #000118 #00118 118,200 Brea Mall,CA,92821
Macy's,Burbank,119,#119 #0119 #000119 #00119 119,200 East Cypress,CA,91502
Macy's,Carlsbad,121,#121 #0121 #000121 #00121 121,2559 El Camino Real,CA,92008
Macy's,Cerritos,122,#122 #0122 #000122 #00122 122,500 Los Cerritos Center,CA,90701
Macy's,Chula Vista,123,#123 #0123 #000123 #00123 123,555 Broadway Avenue,CA,91910
Macy's,Citrus Heights,125,#125 #0125 #000125 #00125 125,6000 Sunrise Blvd,CA,95610
Macy's,Concord,126,#126 #0126 #000126 #00126 126,341 Sun Valley Mall,CA,94520
Macy's,Corte Madera,128,#128 #0128 #000128 #00128 128,1400 Redwood Highway,CA,94925
Macy's,Costa Mesa,129,#129 #0129 #000129 #00129 129,3333 Bristol Street,CA,92626
Macy's,Costa Mesa,131,#131 #0131 #000131 #00131 131,3333 Bear Street,CA,92626
Macy's,Culver City,132,#132 #0132 #000132 #00132 132,6200 Slauson Avenue,CA,90230
Macy's,Cupertino,133,#133 #0133 #000133 #00133 133,10333 Wolfe Road,CA,95014
Macy's,Dallas,134,#134 #0134 #000134 #00134 134,13375 Noel Road,TX,75240
Macy's,Daly City,135,#135 #0135 #000135 #00135 135,1 Serramonte Center,CA,94015
Macy's,Dededo,136,#136 #0136 #000136 #00136 136,1088 W. Marine Drive,GU,96929
Macy's,Escondido,137,#137 #0137 #000137 #00137 137,220 E. Via Rancho Pkwy,CA,92025
Macy's,Fairfield,138,#138 #0138 #000138 #00138 138,1544 Travis Blvd,CA,94533
Macy's,Fresno,139,#139 #0139 #000139 #00139 139,4888 N. Fresno Street,CA,93726
Macy's,Fresno,141,#141 #0141 #000141 #00141 141,1732 E. Shaw Avenue,CA,93710
Macy's,Glendale,143,#143 #0143 #000143 #00143 143,2100 Glendale Galleria,CA,91210
Macy's,Hayward,144,#144 #0144 #000144 #00144 144,800 Southland Mall,CA,94545
Macy's,Hilo,145,#145 #0145 #000145 #00145 145,111 E. Puainako Street,HI,96720
Macy's,Honolulu,147,#147 #0147 #000147 #00147 147,1450 Moana Boulevard,HI,96814
Macy's,Honolulu,148,#148 #0148 #000148 #00148 148,2314 Kalakaua Avenue,HI,96815
Macy's,Honolulu,149,#149 #0149 #000149 #00149 149,4211 Waialae Avenue,HI,96816
Macy's,Kaneohe,150,#150 #0150 #000150 #00150 150,46-056 Kamehameha Highway,HI,96744
Macy's,Houston,151,#151 #0151 #000151 #00151 151,2727 Sage Road,TX,77056
Macy's,Maui,152,#152 #0152 #000152 #00152 152,275 Kaahumanu Avenue,HI,96732
Macy's,Kailua,153,#153 #0153 #000153 #00153 153,573 Kailua Road,HI,96734
Macy's,Kailua-Kona,154,#154 #0154 #000154 #00154 154,74-5475 Kamakaeha Avenue,HI,96740
Macy's,La Mesa,155,#155 #0155 #000155 #00155 155,5500 Grossmont Center Drive,CA,91942
Macy's,Laguna Hills,156,#156 #0156 #000156 #00156 156,24100 Laguna Hills Mall,CA,92653
Macy's,Lakewood,157,#157 #0157 #000157 #00157 157,5100 Lakewood Blvd.,CA,90712
Macy's,Las Vegas,159,#159 #0159 #000159 #00159 159,4450 W. Spring Mountain Road,NV,89102
Macy's,Las Vegas,160,#160 #0160 #000160 #00160 160,3634 Maryland Pkwy.,NV,89109
Macy's,Las Vegas,161,#161 #0161 #000161 #00161 161,4100 Meadows Lane,NV,89107
Macy's,Lihue,162,#162 #0162 #000162 #00162 162,3-2600 Kaumualii Hwy.,HI,96766
Macy's,Los Angeles,163,#163 #0163 #000163 #00163 163,750 West 7th Street,CA,90017
Macy's,Los Angeles,164,#164 #0164 #000164 #00164 164,10250 Santa Monica Boulevard,CA,90067
Macy's,Los Angeles,166,#166 #0166 #000166 #00166 166,8500 Beverly Boulevard,CA,90048
Macy's,Manhattan Beach,168,#168 #0168 #000168 #00168 168,3400 Sepulveda Blvd.,CA,90266
Macy's,Modesto,171,#171 #0171 #000171 #00171 171,500 Vintage Faire,CA,95356
Macy's,Montclair,173,#173 #0173 #000173 #00173 173,5200 Montclair Plaza Lane,CA,91763
Macy's,Montebello,174,#174 #0174 #000174 #00174 174,2000 Montebello Town Center,CA,90640
Macy's,Monterey,175,#175 #0175 #000175 #00175 175,100 Del Monte Center,CA,93940
Macy's,Monterey,176,#176 #0176 #000176 #00176 176,260 Del Monte Center,CA,93940
Macy's,Newark,177,#177 #0177 #000177 #00177 177,200 Newpark Mall,CA,94560
Macy's,Newport Beach,178,#178 #0178 #000178 #00178 178,101 Newport Center Drive,CA,92660
Macy's,Northridge,179,#179 #0179 #000179 #00179 179,9301 Tampa Avenue,CA,91324
Macy's,Novato,180,#180 #0180 #000180 #00180 180,100 Vintage Way,CA,94945
Macy's,Palm Desert,181,#181 #0181 #000181 #00181 181,72780 Highway 111,CA,92260
Macy's,Palo Alto,184,#184 #0184 #000184 #00184 184,300 Stanford Shopping Center,CA,94304
Macy's,Pasadena,185,#185 #0185 #000185 #00185 185,401 South Lake Avenue,CA,91101
Macy's,Phoenix,187,#187 #0187 #000187 #00187 187,2410 E. Camelback Road,AZ,85016
Macy's,Pleasanton,190,#190 #0190 #000190 #00190 190,1300 Stoneridge Mall,CA,94588
Macy's,Pleasanton,191,#191 #0191 #000191 #00191 191,4255 Rosewood Drive,CA,94588
Macy's,Redding,192,#192 #0192 #000192 #00192 192,1291 Hilltop Drive,CA,96003
Macy's,Reno,194,#194 #0194 #000194 #00194 194,5100 Meadowood Mall,NV,89502
Macy's,Reno,195,#195 #0195 #000195 #00195 195,6011 South Virginia Street,NV,89502
Macy's,Richmond,196,#196 #0196 #000196 #00196 196,2500 Hilltop Mall Road,CA,94806
Macy's,Riverside,197,#197 #0197 #000197 #00197 197,3500 Tyler Mall,CA,92503
Macy's,Roseville,198,#198 #0198 #000198 #00198 198,1197 Galleria Blvd.,CA,95678
Macy's,Sacramento,199,#199 #0199 #000199 #00199 199,414 K Street,CA,95814
Macy's,Sacramento,201,#201 #0201 #000201 #00201 201,3500 El Camino Avenue,CA,95825
Macy's,Sacramento,202,#202 #0202 #000202 #00202 202,1701 Arden Way,CA,95815
Macy's,Salinas,203,#203 #0203 #000203 #00203 203,200 Northridge Center,CA,93901
Macy's,San Bernardino,205,#205 #0205 #000205 #00205 205,400 Inland Center Drive,CA,92408
Macy's,San Diego,206,#206 #0206 #000206 #00206 206,1555 Camino de La Reina,CA,92108
Macy's,San Diego,207,#207 #0207 #000207 #00207 207,7017 Friars Road,CA,92108
Macy's,San Diego,208,#208 #0208 #000208 #00208 208,4333 La Jolla Village Drive,CA,92122
Macy's,San Diego,209,#209 #0209 #000209 #00209 209,160 Horton Plaza,CA,92101
Macy's,San Francisco,210,#210 #0210 #000210 #00210 210,1 Stonestown Mall,CA,94132
Macy's,San Francisco,212,#212 #0212 #000212 #00212 212,170 O'Farrell Street,CA,94102
Macy's,San Jose,213,#213 #0213 #000213 #00213 213,2210 Tully Road,CA,95122
Macy's,San Jose,214,#214 #0214 #000214 #00214 214,5411 Thornwood Drive,CA,95123
Macy's,San Leandro,215,#215 #0215 #000215 #00215 215,15555 E. 14th Street,CA,94578
Macy's,San Mateo,216,#216 #0216 #000216 #00216 216,301 Hillsdale Mall,CA,94403
Macy's,San Mateo,217,#217 #0217 #000217 #00217 217,2838 South El Camino,CA,94403
Macy's,San Rafael,218,#218 #0218 #000218 #00218 218,1000 Northgate Mall,CA,94903
Macy's,Santa Ana,219,#219 #0219 #000219 #00219 219,2850 North Main Street,CA,92701
Macy's,Santa Barbara,220,#220 #0220 #000220 #00220 220,701 State Street,CA,93101
Macy's,Santa Clara,221,#221 #0221 #000221 #00221 221,2801 Stevens Creek Blvd.,CA,95050
Macy's,Santa Rosa,224,#224 #0224 #000224 #00224 224,800 Santa Rosa Plaza,CA,95401
Macy's,Santa Rosa,225,#225 #0225 #000225 #00225 225,555 Coddingtown Center,CA,95401
Macy's,Sherman Oaks,226,#226 #0226 #000226 #00226 226,14000 Riverside Drive,CA,91423
Macy's,Stockton,227,#227 #0227 #000227 #00227 227,5242 Pacific Avenue,CA,95207
Macy's,Sunnyvale,228,#228 #0228 #000228 #00228 228,200 W. Washington Avenue,CA,94086
Macy's,Thousand Oaks,230,#230 #0230 #000230 #00230 230,590 W. Hillcrest Drive,CA,91360
Macy's,Torrance,232,#232 #0232 #000232 #00232 232,21600 Hawthorne Blvd.,CA,90503
Macy's,Tucson,233,#233 #0233 #000233 #00233 233,5850 E. Broadway Street,AZ,85711
Macy's,Tucson,234,#234 #0234 #000234 #00234 234,4470 N. Oracle Road,AZ,85705
Macy's,Union City,235,#235 #0235 #000235 #00235 235,1208 Whipple Road,CA,94587
Macy's,Ventura,236,#236 #0236 #000236 #00236 236,477 S. Mills Rd.,CA,93003
Macy's,Walnut Creek,238,#238 #0238 #000238 #00238 238,1301 Broadway Plaza,CA,94596
Macy's,Woodland Hills,241,#241 #0241 #000241 #00241 241,6100 Topanga Canyon Blvd.,CA,91367
Macy's,Capitola,242,#242 #0242 #000242 #00242 242,1865 41st Avenue,CA,95010
Macy's,Scottsdale,244,#244 #0244 #000244 #00244 244,7014 East Camelback Road,AZ,85251
Macy's,Mesa,245,#245 #0245 #000245 #00245 245,1465 W. Southern Avenue,AZ,85202
Macy's,Phoenix,246,#246 #0246 #000246 #00246 246,4500 E. Cactus Road,AZ,85032
Macy's,Birmingham,247,#247 #0247 #000247 #00247 247,614 Brookwood Village,AL,35243
Macy's,Birmingham,249,#249 #0249 #000249 #00249 249,2600 Riverchase Galleria,AL,35244
Macy's,Alpharetta,250,#250 #0250 #000250 #00250 250,7231 North Point Parkway,GA,30022
Macy's,Alpharetta,251,#251 #0251 #000251 #00251 251,5000 North Point Circle,GA,30022
Macy's,Athens,252,#252 #0252 #000252 #00252 252,3700 Atlanta Highway,GA,30606
Macy's,Atlanta,253,#253 #0253 #000253 #00253 253,3393 Peachtree Road,GA,30326
Macy's,Atlanta,254,#254 #0254 #000254 #00254 254,4300 Ashford Dunwoody Road,GA,30346
Macy's,Atlanta,255,#255 #0255 #000255 #00255 255,2841 Greenbriar Parkway,GA,30331
Macy's,Atlanta,256,#256 #0256 #000256 #00256 256,1300 Cumberland Mall,GA,30339
Macy's,Augusta,257,#257 #0257 #000257 #00257 257,3450 Wrightsboro Road,GA,30909
Macy's,Buford,258,#258 #0258 #000258 #00258 258,3333 Buford Drive,GA,30519
Macy's,Columbus,259,#259 #0259 #000259 #00259 259,3091 Manchester Expressway,GA,31904
Macy's,Decatur,260,#260 #0260 #000260 #00260 260,2144 Lawrenceville Highway,GA,30033
Macy's,Decatur,261,#261 #0261 #000261 #00261 261,2731 Candler Road,GA,30034
Macy's,Duluth,262,#262 #0262 #000262 #00262 262,2100 Pleasant Hill Road,GA,30096
Macy's,Duluth,263,#263 #0263 #000263 #00263 263,3360 Ventura Parkway,GA,30096
Macy's,Kennesaw,264,#264 #0264 #000264 #00264 264,400 Ernest W Barrett Parkway,GA,30144
Macy's,Lithonia,265,#265 #0265 #000265 #00265 265,8030 Mall Parkway,GA,30038
Macy's,Macon,266,#266 #0266 #000266 #00266 266,3661 Eisenhower Parkway,GA,31206
Macy's,Morrow,267,#267 #0267 #000267 #00267 267,1500 Southlake Mall,GA,30260
Macy's,Savannah,268,#268 #0268 #000268 #00268 268,7804 Abercorn Ext.,GA,31406
Macy's,Columbia,271,#271 #0271 #000271 #00271 271,7201-100 Two Notch Road,SC,29223
Macy's,Greenville,272,#272 #0272 #000272 #00272 272,700 Haywood Road,SC,29607
Macy's,Atlanta,273,#273 #0273 #000273 #00273 273,4800 Briarcliff Road,GA,30345
Macy's,Kennesaw,275,#275 #0275 #000275 #00275 275,400 Ernest W Barrett Parkway,GA,30144
Macy's,Miami,276,#276 #0276 #000276 #00276 276,13251 South Dixie Highway,FL,33156
Macy's,Miami,277,#277 #0277 #000277 #00277 277,20507 S. Dixie Highway,FL,33189
Macy's,Merritt Island,278,#278 #0278 #000278 #00278 278,777 E. Merritt Island Causeway,FL,32952
Macy's,Jensen Beach,279,#279 #0279 #000279 #00279 279,3106 N.W. Federal Highway,FL,34957
Macy's,Clearwater,280,#280 #0280 #000280 #00280 280,26256 U.S. Highway 19 North,FL,33761
Macy's,Pembroke Pines,281,#281 #0281 #000281 #00281 281,13640 Pines Blvd.,FL,33027
Macy's,Tampa,282,#282 #0282 #000282 #00282 282,4130 Gandy Blvd.,FL,33611
Macy's,Winter Haven,283,#283 #0283 #000283 #00283 283,231 Citi Centre Street,FL,33880
Macy's,Port Richey,284,#284 #0284 #000284 #00284 284,9409 U.S. 19 North,FL,34668
Macy's,Oviedo,285,#285 #0285 #000285 #00285 285,1400 Oviedo Market Place Blvd.,FL,32765
Macy's,Wellington,286,#286 #0286 #000286 #00286 286,10316 Forest Hill Blvd.,FL,33414
Macy's,Tampa,287,#287 #0287 #000287 #00287 287,7801 Citrus Park Town Center,FL,33625
Macy's,Ocala,288,#288 #0288 #000288 #00288 288,3100 S.W. College Rd,FL,34474
Macy's,Lakeland,289,#289 #0289 #000289 #00289 289,3800 U.S. 98 North,FL,33809
Macy's,Naples,290,#290 #0290 #000290 #00290 290,1800 9th Street North,FL,34102
Macy's,Tallahassee,291,#291 #0291 #000291 #00291 291,1500 Apalachee Parkway,FL,32301
Macy's,Bradenton,292,#292 #0292 #000292 #00292 292,303 U.S. 301 Blvd. West,FL,34205
Macy's,Tampa,293,#293 #0293 #000293 #00293 293,2201 University Mall,FL,33612
Macy's,Sarasota,294,#294 #0294 #000294 #00294 294,8201 South Tamiami Trail,FL,34238
Macy's,Clearwater,295,#295 #0295 #000295 #00295 295,27001 U.S. Highway 19 North,FL,33761
Macy's,St. Petersburg,296,#296 #0296 #000296 #00296 296,6901 22nd Ave North,FL,33710
Macy's,Tampa,297,#297 #0297 #000297 #00297 297,298 WestShore Plaza,FL,33609
Macy's,Brandon,298,#298 #0298 #000298 #00298 298,638 Brandon Town Center,FL,33511
Macy's,Port Charlotte,299,#299 #0299 #000299 #00299 299,1441 Tamiami Trail,FL,33948
Macy's,Pembroke Pines,300,#300 #0300 #000300 #00300 300,11605 Pines Blvd.,FL,33026
Macy's,Coral Springs,303,#303 #0303 #000303 #00303 303,9129 West Atlantic Blvd,FL,33071
Macy's,Miami,304,#304 #0304 #000304 #00304 304,22 East Flagler Street,FL,33131
Macy's,Aventura,305,#305 #0305 #000305 #00305 305,19535 Biscayne Blvd.,FL,33180
Macy's,Miami Beach,306,#306 #0306 #000306 #00306 306,1675 Meridian Ave.,FL,33139
Macy's,Miami,307,#307 #0307 #000307 #00307 307,7303 S.W. 88 Street,FL,33156
Macy's,Hialeah,309,#309 #0309 #000309 #00309 309,1777 West 49th Street,FL,33012
Macy's,Gainesville,310,#310 #0310 #000310 #00310 310,6671 Newberry Road,FL,32605
Macy's,Vero Beach,311,#311 #0311 #000311 #00311 311,6200 20th Street,FL,32966
Macy's,Sanford,312,#312 #0312 #000312 #00312 312,330 Town Center Circle,FL,32771
Macy's,Melbourne,313,#313 #0313 #000313 #00313 313,1700 West New Haven Avenue,FL,32904
Macy's,Miami,314,#314 #0314 #000314 #00314 314,1205 N.W. 107th Ave,FL,33172
Macy's,Daytona Beach,316,#316 #0316 #000316 #00316 316,1700 W. International Speedway Blvd.,FL,32114
Macy's,Boca Raton,317,#317 #0317 #000317 #00317 317,9339 Glades Rd.,FL,33431
Macy's,Ft. Lauderdale,318,#318 #0318 #000318 #00318 318,2314 E. Sunrise Blvd.,FL,33304
Macy's,Ft. Myers,320,#320 #0320 #000320 #00320 320,4125 Cleveland Ave.,FL,33901
Macy's,Boca Raton,321,#321 #0321 #000321 #00321 321,5700 West Glades Rd.,FL,33431
Macy's,Pompano Beach,322,#322 #0322 #000322 #00322 322,1200 N.E. 23rd Street,FL,33064
Macy's,Orlando,323,#323 #0323 #000323 #00323 323,8001 S. Orange Blossom Trail,FL,32809
Macy's,Orlando,324,#324 #0324 #000324 #00324 324,3505 East Colonial Dr.,FL,32803
Macy's,Altamonte Springs,325,#325 #0325 #000325 #00325 325,451 E. Altamonte Dr.,FL,32701
Macy's,Altamonte Springs,326,#326 #0326 #000326 #00326 326,820 West Town Parkway,FL,32714
Macy's,Sarasota,327,#327 #0327 #000327 #00327 327,600 Southgate Shopping Plaza,FL,34239
Macy's,Plantation,328,#328 #0328 #000328 #00328 328,8000 W. Broward Blvd.,FL,33388
Macy's,Fort Lauderdale,329,#329 #0329 #000329 #00329 329,4501 N. Federal Highway,FL,33308
Macy's,Memphis,330,#330 #0330 #000330 #00330 330,Oak Court,TN,38117
Macy's,Memphis,331,#331 #0331 #000331 #00331 331,Southland Mall,TN,38116
Macy's,Jackson,333,#333 #0333 #000333 #00333 333,2021 North Highland Avenue,TN,38305
Macy's,Bartlett,335,#335 #0335 #000335 #00335 335,2840 Germantown Parkway,TN,38133
Macy's,Cincinnati,336,#336 #0336 #000336 #00336 336,7875 Montgomery Road,OH,45236
Macy's,Cincinnati,338,#338 #0338 #000338 #00338 338,7440 Beechmont Ave.,OH,45255
Macy's,Louisville,339,#339 #0339 #000339 #00339 339,7900 Shelbyville Road,KY,40222
Macy's,Lexington,340,#340 #0340 #000340 #00340 340,3301 Nicholasville Road,KY,40503
Macy's,Florence,341,#341 #0341 #000341 #00341 341,5000 Mall Road,KY,41042
Macy's,Louisville,342,#342 #0342 #000342 #00342 342,4809 Outer Loop,KY,40219
Macy's,Cincinnati,344,#344 #0344 #000344 #00344 344,7800 Montgomery Road,OH,45236
Macy's,Cincinnati,345,#345 #0345 #000345 #00345 345,9531 Colerain Avenue,OH,45251
Macy's,Cincinnati,346,#346 #0346 #000346 #00346 346,11700 Princeton Road,OH,45246
Macy's,Springfield,348,#348 #0348 #000348 #00348 348,1475 Upper Valley Pike,OH,45504
Macy's,Beavercreek,349,#349 #0349 #000349 #00349 349,2727 Fairfield Commons Blvd.,OH,45431
Macy's,Columbus,352,#352 #0352 #000352 #00352 352,2727 South Hamilton Road,OH,43232
Macy's,Columbus,354,#354 #0354 #000354 #00354 354,3180 Kingsdale Center,OH,43221
Macy's,Lima,355,#355 #0355 #000355 #00355 355,2600 Elida Road,OH,45805
Macy's,Columbus,356,#356 #0356 #000356 #00356 356,4141 Refugee Road,OH,43232
Macy's,Pittsburgh,361,#361 #0361 #000361 #00361 361,100 South Hills Village,PA,15241
Macy's,Monroeville,362,#362 #0362 #000362 #00362 362,400 Monroeville Mall,PA,15146
Macy's,Columbus,364,#364 #0364 #000364 #00364 364,1300 Polaris Parkway,OH,43240
Macy's,Columbus,365,#365 #0365 #000365 #00365 365,4141 Easton Loop East,OH,43219
Macy's,Barboursville,367,#367 #0367 #000367 #00367 367,Unit 300 Huntington Mall,WV,25504
Macy's,Pittsburgh,368,#368 #0368 #000368 #00368 368,1014 Ross Park Mall Drive,PA,15237
Macy's,Indianapolis,369,#369 #0369 #000369 #00369 369,6020 East 82nd Street,IN,46250
Macy's,Greenwood,371,#371 #0371 #000371 #00371 371,1251 U.S. 31 North,IN,46142
Macy's,Evansville,372,#372 #0372 #000372 #00372 372,800 N. Greenriver Road,IN,47715
Macy's,Cincinnati,375,#375 #0375 #000375 #00375 375,505 Vine Street,OH,45202
Macy's,Columbus,376,#376 #0376 #000376 #00376 376,5123 Tuttle Crossing Blvd.,OH,43016
Macy's,Dublin,377,#377 #0377 #000377 #00377 377,5700 Britton Parkway,OH,43016
Macy's,Pittsburgh,378,#378 #0378 #000378 #00378 378,100 South Hills Village,PA,15241
Macy's,Bellevue,379,#379 #0379 #000379 #00379 379,400 Bellevue Square,WA,98004
Macy's,Bellingham,380,#380 #0380 #000380 #00380 380,50 Bellis Fair Parkway,WA,98226
Macy's,Bellingham,381,#381 #0381 #000381 #00381 381,4295 Guide Meridian,WA,98226
Macy's,Bend,382,#382 #0382 #000382 #00382 382,3188 North Highway 97,OR,97701
Macy's,Boise,384,#384 #0384 #000384 #00384 384,370 North Milwaukee,ID,83704
Macy's,Bozeman,385,#385 #0385 #000385 #00385 385,2825 West Main Street,MT,59718
Macy's,Burlington,386,#386 #0386 #000386 #00386 386,700 Cascade Mall Drive,WA,98233
Macy's,Casper,387,#387 #0387 #000387 #00387 387,501 Wyoming Blvd.,WY,82609
Macy's,Coeur d%27Alene,389,#389 #0389 #000389 #00389 389,West 200 Hanley Ave. #4,ID,83814
Macy's,E. Wenatchee,390,#390 #0390 #000390 #00390 390,445 Valley Mall Pkwy,WA,98802
Macy's,Eugene,391,#391 #0391 #000391 #00391 391,100 Valley River Center,OR,97401
Macy's,Everett,392,#392 #0392 #000392 #00392 392,1502 SE Everett Mall Way,WA,98204
Macy's,Federal Way,393,#393 #0393 #000393 #00393 393,1901 South SeaTac Mall,WA,98003
Macy's,Helena,394,#394 #0394 #000394 #00394 394,3405 N. Montana Avenue,MT,59602
Macy's,Idaho Falls,395,#395 #0395 #000395 #00395 395,2240 East 17th Street,ID,83404
Macy's,Kelso,396,#396 #0396 #000396 #00396 396,331 Three Rivers Drive,WA,98626
Macy's,Kennewick,397,#397 #0397 #000397 #00397 397,400 Columbia Center,WA,99336
Macy's,Lewiston,398,#398 #0398 #000398 #00398 398,1806 19th Avenue,ID,83501
Macy's,Lynnwood,399,#399 #0399 #000399 #00399 399,18700 Alderwood Mall Blvd.,WA,98037
Macy's,Lynnwood,400,#400 #0400 #000400 #00400 400,2909 Alderwood Mall Blvd.,WA,98036
Macy's,Moscow,402,#402 #0402 #000402 #00402 402,2132 West Pullman Road,ID,83843
Macy's,Nampa,403,#403 #0403 #000403 #00403 403,1406 N. Galleria Drive,ID,83687
Macy's,North Bend,404,#404 #0404 #000404 #00404 404,1611 Virginia Ave,OR,97459
Macy's,Olympia,405,#405 #0405 #000405 #00405 405,2905 Harrison Avenue NW,WA,98502
Macy's,Olympia,406,#406 #0406 #000406 #00406 406,625 Black Lake Boulevard,WA,98502
Macy's,Puyallup,407,#407 #0407 #000407 #00407 407,3500 S. Meridian,WA,98373
Macy's,Redmond,408,#408 #0408 #000408 #00408 408,15340 N.E. 24th Street,WA,98052
Macy's,Roseburg,409,#409 #0409 #000409 #00409 409,1460 N.W. Garden Valley Blvd.,OR,97470
Macy's,Salem,410,#410 #0410 #000410 #00410 410,831 Lancaster Drive N.E.,OR,97301
Macy's,Seattle,411,#411 #0411 #000411 #00411 411,1601 Third Avenue,WA,98181
Macy's,Seattle,412,#412 #0412 #000412 #00412 412,401 NE Northgate Way # 602,WA,98125
Macy's,Silverdale,413,#413 #0413 #000413 #00413 413,10315 Silverdale Way,WA,98383
Macy's,Silverdale,414,#414 #0414 #000414 #00414 414,3102 NW Randall Way,WA,98383
Macy's,Spokane,415,#415 #0415 #000415 #00415 415,Main and Wall Streets,WA,99201
Macy's,Spokane,416,#416 #0416 #000416 #00416 416,4770 N. Division,WA,99207
Macy's,Spokane,417,#417 #0417 #000417 #00417 417,14740 East Indiana Ave.,WA,99216
Macy's,Tacoma,418,#418 #0418 #000418 #00418 418,4502 South Steele #700,WA,98409
Macy's,Tukwila,419,#419 #0419 #000419 #00419 419,500 South Center Mall,WA,98188
Macy's,Tukwila,420,#420 #0420 #000420 #00420 420,17855 Southcenter Parkway,WA,98188
Macy's,Tukwila,421,#421 #0421 #000421 #00421 421,17750 Southcenter Pkwy.,WA,98188
Macy's,Twin Falls,422,#422 #0422 #000422 #00422 422,1379 Poleline Road East,ID,83301
Macy's,Walla Walla,423,#423 #0423 #000423 #00423 423,54 East Main Street,WA,99362
Macy's,Union Gap,424,#424 #0424 #000424 #00424 424,2525 Main Street,WA,98903
Macy's,Tacoma,425,#425 #0425 #000425 #00425 425,1767 S 48th St,WA,98408
Macy's,Temecula,427,#427 #0427 #000427 #00427 427,40780 Winchester Blvd.,CA,92591
Macy's,Roseville,429,#429 #0429 #000429 #00429 429,1152 Galleria Blvd.,CA,95678
Macy's,Kaanapali,431,#431 #0431 #000431 #00431 431,200 Nohea Kai Drive,HI,96761
Macy's,Waikoloa,432,#432 #0432 #000432 #00432 432,250 Waikoloa Beach Drive,HI,96738
Macy's,Redmond,435,#435 #0435 #000435 #00435 435,7400 166th Ave NE,WA,98052
Macy's,Elmhurst,443,#443 #0443 #000443 #00443 443,88-01 Queens Boulevard,NY,11373
Macy's,Douglasville,445,#445 #0445 #000445 #00445 445,6690 Douglas Blvd.,GA,30135
Macy's,Rancho Cucamonga,447,#447 #0447 #000447 #00447 447,7855 Kew Avenue,CA,91739
Macy's,Antioch,449,#449 #0449 #000449 #00449 449,2500 Somersville Road,CA,94509
Macy's,Albany,450,#450 #0450 #000450 #00450 450,200 Colonie Center,NY,12205
Macy's,Staten Island,451,#451 #0451 #000451 #00451 451,98 Richmond Hill Road,NY,10314
Macy's,Valley Stream,452,#452 #0452 #000452 #00452 452,1095 Green Acres Mall,NY,11581
Macy's,Richland,454,#454 #0454 #000454 #00454 454,1310 Tapteal Drive,WA,99352
Macy's,Dayton,459,#459 #0459 #000459 #00459 459,2700 Miamisburg-Centerville Rd.,OH,45459
Macy's,Wheaton,461,#461 #0461 #000461 #00461 461,11160 Veirs Mill Road,MD,20902
Macy's,Simi Valley,467,#467 #0467 #000467 #00467 467,1475 Simi Town Center Way,CA,93065
Macy's,Los Angeles,468,#468 #0468 #000468 #00468 468,10800 West Pico Blvd,CA,90064
Macy's,Alton,471,#471 #0471 #000471 #00471 471,100 Alton Square,IL,62002
Macy's,Springfield,472,#472 #0472 #000472 #00472 472,2825 S Glenstone Ave # 100,MO,65804
Macy's,Columbia,473,#473 #0473 #000473 #00473 473,201 North Stadium Boulevard,MO,65203
Macy's,Cape Girardeau,474,#474 #0474 #000474 #00474 474,100 West Park Mall,MO,63701
Macy's,Chesterfield,475,#475 #0475 #000475 #00475 475,49 Chesterfield Mall,MO,63017
Macy's,Bloomington,479,#479 #0479 #000479 #00479 479,1615 East Empire Street,IL,61701
Macy's,Bowling Green,480,#480 #0480 #000480 #00480 480,2625 Scottsville Road,KY,42104
Macy's,Florissant,481,#481 #0481 #000481 #00481 481,500 Jamestown Mall,MO,63034
Macy's,Champaign,482,#482 #0482 #000482 #00482 482,2000 North Neil Street,IL,61820
Macy's,St. Peters,483,#483 #0483 #000483 #00483 483,#1 Mid Rivers Mall,MO,63376
Macy's,Joplin,484,#484 #0484 #000484 #00484 484,101 N Range Line Road,MO,64801
Macy's,St. Louis,487,#487 #0487 #000487 #00487 487,10 South County Center way,MO,63129
Macy's,St. Louis,488,#488 #0488 #000488 #00488 488,1550 St. Louis Galleria,MO,63117
Macy's,Owensboro,489,#489 #0489 #000489 #00489 489,5000 Frederica Street,KY,42301
Macy's,Carbondale,490,#490 #0490 #000490 #00490 490,1237 East Main,IL,62901
Macy's,St. Louis,491,#491 #0491 #000491 #00491 491,2 West County Center,MO,63131
Macy's,Springfield,492,#492 #0492 #000492 #00492 492,101 White Oaks Mall,IL,62704
Macy's,Auburn,494,#494 #0494 #000494 #00494 494,385 South Bridge Street,MA,1501
Macy's,Bangor,496,#496 #0496 #000496 #00496 496,651 Stillwater Avenue,ME,4401
Macy's,Lanesborough,498,#498 #0498 #000498 #00498 498,Rt. 8. Old State Road,MA,1237
Macy's,Waterbury,499,#499 #0499 #000499 #00499 499,575 Union Street,CT,6702
Macy's,Burlington,500,#500 #0500 #000500 #00500 500,67 Cherry Street,VT,5401
Macy's,Cambridge,502,#502 #0502 #000502 #00502 502,100 Cambridge Side Place,MA,2141
Macy's,Milford,505,#505 #0505 #000505 #00505 505,1201 Post Road,CT,6460
Macy's,Springfield,510,#510 #0510 #000510 #00510 510,1655 Boston Road,MA,1129
Macy's,North Attleboro,511,#511 #0511 #000511 #00511 511,1029 South Washington Street,MA,2760
Macy's,Enfield,512,#512 #0512 #000512 #00512 512,90 Elm Street,CT,6082
Macy's,Middletown,514,#514 #0514 #000514 #00514 514,1 Galleria Drive,NY,10941
Macy's,Hanover,515,#515 #0515 #000515 #00515 515,1775 Washington Street,MA,2339
Macy's,Holyoke,516,#516 #0516 #000516 #00516 516,400 Whitney Avenue,MA,1041
Macy's,Kingston,517,#517 #0517 #000517 #00517 517,1300 Ulster Avenue,NY,12401
Macy's,Manchester,521,#521 #0521 #000521 #00521 521,1500 South Willow Street,NH,3103
Macy's,Meriden,522,#522 #0522 #000522 #00522 522,470 Lewis Avenue,CT,6450
Macy's,North Dartmouth,523,#523 #0523 #000523 #00523 523,362 State Road,MA,2747
Macy's,West Nyack,525,#525 #0525 #000525 #00525 525,1920 Palisades Center Drive,NY,10994
Macy's,Manchester,526,#526 #0526 #000526 #00526 526,183 Pavilions Drive,CT,6040
Macy's,Poughkeepsie,528,#528 #0528 #000528 #00528 528,2001 South Road,NY,12601
Macy's,Providence,529,#529 #0529 #000529 #00529 529,7 Providence Place,RI,2903
Macy's,Schenectady,530,#530 #0530 #000530 #00530 530,93 W. Campbell Road,NY,12306
Macy's,Leominster,531,#531 #0531 #000531 #00531 531,106 Commerical Road,MA,1453
Macy's,Taunton,532,#532 #0532 #000532 #00532 532,2 Galleria Mall Drive,MA,2780
Macy's,Marlborough,533,#533 #0533 #000533 #00533 533,627 Donald Lynch Blvd.,MA,1752
Macy's,Saugus,536,#536 #0536 #000536 #00536 536,1277 Broadway Route 1,MA,1906
Macy's,Farmington,537,#537 #0537 #000537 #00537 537,100 Westfarms Mall,CT,6032
Macy's,Lafayette,539,#539 #0539 #000539 #00539 539,5733 Johnston Street,LA,70503
Macy's,Houston,540,#540 #0540 #000540 #00540 540,100 Almeda Mall,TX,77075
Macy's,Aurora,541,#541 #0541 #000541 #00541 541,14200 E. Alameda Avenue,CO,80012
Macy's,Austin,542,#542 #0542 #000542 #00542 542,2901 Capitol of Texas Highway,TX,78746
Macy's,Friendswood,543,#543 #0543 #000543 #00543 543,200 BayBrook Mall,TX,77546
Macy's,Colorado Springs,544,#544 #0544 #000544 #00544 544,1750 Briargate Blvd.,CO,80920
Macy's,Denver,545,#545 #0545 #000545 #00545 545,15 South Steele Street,CO,80209
Macy's,El Paso,546,#546 #0546 #000546 #00546 546,8401 Gateway West,TX,79925
Macy's,Plano,547,#547 #0547 #000547 #00547 547,801 North Central Expressway,TX,75075
Macy's,Baton Rouge,549,#549 #0549 #000549 #00549 549,9301 Cortana,LA,70815
Macy's,Albuquerque,550,#550 #0550 #000550 #00550 550,10000 Coors Bypass NW,NM,87114
Macy's,Boulder,551,#551 #0551 #000551 #00551 551,1900 29th Street,CO,80301
Macy's,Sugar Land,555,#555 #0555 #000555 #00555 555,16511 Southwest Freeway,TX,77478
Macy's,Broomfield,556,#556 #0556 #000556 #00556 556,11 West FlatIron Circle,CO,80021
Macy's,Fort Collins,557,#557 #0557 #000557 #00557 557,225 East Foothills Pkwy.,CO,80525
Macy's,Denton,558,#558 #0558 #000558 #00558 558,2201 I35 East South,TX,76205
Macy's,Houston,559,#559 #0559 #000559 #00559 559,500 Greenspoint Mall,TX,77060
Macy's,Houston,561,#561 #0561 #000561 #00561 561,5135 W. Alabama,TX,77056
Macy's,Fort Worth,563,#563 #0563 #000563 #00563 563,4650 South Hulen Street,TX,76132
Macy's,San Antonio,564,#564 #0564 #000564 #00564 564,6301 Northwest Loop 410,TX,78238
Macy's,Irving,566,#566 #0566 #000566 #00566 566,3801 Irving Mall,TX,75062
Macy's,McAllen,567,#567 #0567 #000567 #00567 567,2100 South 10th Street,TX,78503
Macy's,San Antonio,568,#568 #0568 #000568 #00568 568,15900 La Cantera Parkway,TX,78256
Macy's,Austin,569,#569 #0569 #000569 #00569 569,11250 Lake Stop Blvd.,TX,78613
Macy's,Laredo,570,#570 #0570 #000570 #00570 570,5300 San Dario,TX,78041
Macy's,Baton Rouge,571,#571 #0571 #000571 #00571 571,6301 Bluebonnet Blvd.,LA,70809
Macy's,Houston,573,#573 #0573 #000573 #00573 573,900 Memorial City Mall,TX,77024
Macy's,Hurst,574,#574 #0574 #000574 #00574 574,1101 Melbourne Road,TX,76053
Macy's,San Antonio,575,#575 #0575 #000575 #00575 575,7400 San Pedro Ave.,TX,78216
Macy's,Dallas,576,#576 #0576 #000576 #00576 576,8687 North Central Expressway,TX,75225
Macy's,Corpus Christi,578,#578 #0578 #000578 #00578 578,5488 South Padre Island Drive,TX,78411
Macy's,Littleton,579,#579 #0579 #000579 #00579 579,8455 Park Meadows Center Drive,CO,80124
Macy's,Beaumont,580,#580 #0580 #000580 #00580 580,6175 Eastex Fwy.,TX,77706
Macy's,Arlington,581,#581 #0581 #000581 #00581 581,3841 South Cooper Street,TX,76015
Macy's,Pasadena,582,#582 #0582 #000582 #00582 582,1101 East Southmore,TX,77502
Macy's,Oklahoma City,583,#583 #0583 #000583 #00583 583,1901 N.W. Expressway,OK,73118
Macy's,College Station,584,#584 #0584 #000584 #00584 584,1508 Harvey Road,TX,77840
Macy's,Tulsa,586,#586 #0586 #000586 #00586 586,4143 S. Yale Avenue,OK,74135
Macy's,Oklahoma City,587,#587 #0587 #000587 #00587 587,2501 West Memorial,OK,73134
Macy's,Dallas,588,#588 #0588 #000588 #00588 588,3550 West Camp Wisdom Road,TX,75237
Macy's,Fort Worth,589,#589 #0589 #000589 #00589 589,2000 Green Oaks Road,TX,76116
Macy's,San Antonio,590,#590 #0590 #000590 #00590 590,6909 N. Loop 1604 East,TX,78247
Macy's,San Antonio,591,#591 #0591 #000591 #00591 591,151 East Bowie Street,TX,78205
Macy's,Baytown,592,#592 #0592 #000592 #00592 592,5000 San Jacinto Mall,TX,77521
Macy's,San Antonio,594,#594 #0594 #000594 #00594 594,2310 Southwest Military Drive,TX,78224
Macy's,Centennial,595,#595 #0595 #000595 #00595 595,6801 S. University Blvd.,CO,80122
Macy's,Frisco,596,#596 #0596 #000596 #00596 596,2609 Preston Road,TX,75034
Macy's,El Paso,597,#597 #0597 #000597 #00597 597,750 Sunland Park Drive,TX,79912
Macy's,Temple,598,#598 #0598 #000598 #00598 598,3111 S. 31st Street,TX,76502
Macy's,Plano,600,#600 #0600 #000600 #00600 600,6209 West Park Blvd,TX,75093
Macy's,The Woodlands,601,#601 #0601 #000601 #00601 601,1201 Lake Woodlands Drive,TX,77380
Macy's,Mesquite,602,#602 #0602 #000602 #00602 602,4000 Town East Blvd.,TX,75150
Macy's,Tyler,603,#603 #0603 #000603 #00603 603,4700 South Broadway,TX,75703
Macy's,Lewisville,606,#606 #0606 #000606 #00606 606,2401 S. Stemmons Frwy.,TX,75067
Macy's,Houston,607,#607 #0607 #000607 #00607 607,800 West Oaks Mall,TX,77082
Macy's,Houston,609,#609 #0609 #000609 #00609 609,4000 Willowbrook Mall,TX,77070
Macy's,Tulsa,610,#610 #0610 #000610 #00610 610,8707 East 71st Street,OK,74133
Macy's,Annapolis,612,#612 #0612 #000612 #00612 612,1295 Annapolis Mall,MD,21401
Macy's,Arlington,614,#614 #0614 #000614 #00614 614,701 North Glebe Rd.,VA,22203
Macy's,Bowie,617,#617 #0617 #000617 #00617 617,15300 Emerald Way,MD,20716
Macy's,Camp Hill,618,#618 #0618 #000618 #00618 618,3550 Capital Mall Drive,PA,17011
Macy's,Pineville,619,#619 #0619 #000619 #00619 619,11001 Carolina Place Pkwy.,NC,28134
Macy's,Cary,620,#620 #0620 #000620 #00620 620,1105 Walnut Street,NC,27511
Macy's,Salisbury,621,#621 #0621 #000621 #00621 621,2304 N. Salisbury Blvd.,MD,21801
Macy's,Chesapeake,622,#622 #0622 #000622 #00622 622,4200 Portsmouth Blvd,VA,23321
Macy's,Richmond,623,#623 #0623 #000623 #00623 623,11504 Midlothian Turnpike,VA,23235
Macy's,Hampton,626,#626 #0626 #000626 #00626 626,3000 Allainby Way,VA,23666
Macy's,Columbia,627,#627 #0627 #000627 #00627 627,10300 Little Patuxent Pkwy.,MD,21044
Macy's,Franklin,628,#628 #0628 #000628 #00628 628,1790 Galleria Blvd.,TN,37067
Macy's,Raleigh,629,#629 #0629 #000629 #00629 629,4325 Glenwood Avenue,NC,27612
Macy's,Fayetteville,630,#630 #0630 #000630 #00630 630,100 Cross Creek Mall,NC,28303
Macy's,Washington,631,#631 #0631 #000631 #00631 631,1201 G. Street,DC,20005
Macy's,Fairfax,632,#632 #0632 #000632 #00632 632,11700 Fair Oaks,VA,22033
Macy's,Frederick,633,#633 #0633 #000633 #00633 633,5500 Buckeystown Pike,MD,21701
Macy's,Greensboro,634,#634 #0634 #000634 #00634 634,700 Friendly Center Road,NC,27408
Macy's,Nashville,635,#635 #0635 #000635 #00635 635,3813 Hillsboro Pike,TN,37215
Macy's,Chesapeake,636,#636 #0636 #000636 #00636 636,1401 Greenbrier Pkwy.,VA,23320
Macy's,Hagerstown,637,#637 #0637 #000637 #00637 637,17301 Valley Mall Road,MD,21740
Macy's,Winston-Salem,638,#638 #0638 #000638 #00638 638,3320 Silas Creek Pkwy.,NC,27103
Macy's,Bel Air,639,#639 #0639 #000639 #00639 639,600 Belair Road,MD,21014
Macy's,Harrisburg,640,#640 #0640 #000640 #00640 640,3401 Paxton Street,PA,17111
Macy's,Gaithersburg,642,#642 #0642 #000642 #00642 642,701 Russell Avenue,MD,20877
Macy's,Alexandria,643,#643 #0643 #000643 #00643 643,5701 Duke Street,VA,22304
Macy's,Virginia Beach,645,#645 #0645 #000645 #00645 645,701 South Lynnhaven Pkwy.,VA,23452
Macy's,Manassas,646,#646 #0646 #000646 #00646 646,8270 Sudley Road,VA,20109
Macy's,Norfolk,647,#647 #0647 #000647 #00647 647,880 N. Military Highway,VA,23502
Macy's,Bethesda,648,#648 #0648 #000648 #00648 648,7125 Democracy Blvd.,MD,20817
Macy's,Durham,649,#649 #0649 #000649 #00649 649,1058 West Club Blvd.,NC,27701
Macy's,Charlotte,650,#650 #0650 #000650 #00650 650,6845 Northlake Mall Drive,NC,28216
Macy's,Newport News,651,#651 #0651 #000651 #00651 651,12300 Jefferson Ave.,VA,23602
Macy's,Hyattsville,652,#652 #0652 #000652 #00652 652,3500 East-West Hwy.,MD,20782
Macy's,Richmond,653,#653 #0653 #000653 #00653 653,1406 Parham Road,VA,23229
Macy's,Lynchburg,655,#655 #0655 #000655 #00655 655,3419 Candlers Mtn. Rd.,VA,24502
Macy's,Goodlettsville,656,#656 #0656 #000656 #00656 656,1000 Rivergate Parkway,TN,37072
Macy's,Baltimore,657,#657 #0657 #000657 #00657 657,6901 Security Blvd.,MD,21244
Macy's,Richmond,658,#658 #0658 #000658 #00658 658,11872 West Broad Street,VA,23233
Macy's,Colonial Heights,660,#660 #0660 #000660 #00660 660,170 South Park Mall,VA,23834
Macy's,Charlotte,661,#661 #0661 #000661 #00661 661,4400 Sharon Road,NC,28211
Macy's,Fredericksburg,662,#662 #0662 #000662 #00662 662,3102 Plank Road,VA,22407
Macy's,Waldorf,663,#663 #0663 #000663 #00663 663,11200 Mall Circle,MD,20603
Macy's,South Durham,664,#664 #0664 #000664 #00664 664,6910 Fayetteville Road suite 300,NC,27713
Macy's,Towson,665,#665 #0665 #000665 #00665 665,813 Dulaney Valley Road,MD,21204
Macy's,Raleigh,666,#666 #0666 #000666 #00666 666,3801 Sumner Blvd.,NC,27616
Macy's,McLean,667,#667 #0667 #000667 #00667 667,8000 Tysons Corner Center,VA,22102
Macy's,Roanoke,668,#668 #0668 #000668 #00668 668,4841 Valley View Blvd. N.W.,VA,24012
Macy's,Glen Allen,669,#669 #0669 #000669 #00669 669,10101 Brook Road,VA,23059
Macy's,Greensboro,670,#670 #0670 #000670 #00670 670,5410 Hornaday Road,NC,27407
Macy's,York,671,#671 #0671 #000671 #00671 671,1800 Loucks Road,PA,17408
Macy's,Dulles,673,#673 #0673 #000673 #00673 673,21060 Dulles Town Circle,VA,20166
Macy's,Horsehead,674,#674 #0674 #000674 #00674 674,3300 CHAMBERS ROAD SOUTH,NY,14845
Macy's,Monaca,675,#675 #0675 #000675 #00675 675,100 Beaver Valley Mall,PA,15061
Macy's,Canton,676,#676 #0676 #000676 #00676 676,4300 Belden Village Avenue,OH,44718
Macy's,Johnson City,677,#677 #0677 #000677 #00677 677,601 Harry L Drive,NY,13790
Macy's,Amherst,678,#678 #0678 #000678 #00678 678,1255 Niagara Falls Blvd.,NY,14226
Macy's,Syracuse,680,#680 #0680 #000680 #00680 680,9509 Destiny USA Drive,NY,13204
Macy's,Akron,682,#682 #0682 #000682 #00682 682,2000 Brittain Road,OH,44310
Macy's,Charleston,683,#683 #0683 #000683 #00683 683,201 Lee Street,WV,25301
Macy's,Pittsburgh,685,#685 #0685 #000685 #00685 685,400 Fifth Avenue,PA,15219
Macy's,Williamsville,686,#686 #0686 #000686 #00686 686,4545 Transit Road,NY,14221
Macy's,Victor,687,#687 #0687 #000687 #00687 687,7979 Victor - Pittsford Road,NY,14564
Macy's,Niles,688,#688 #0688 #000688 #00688 688,5403 Youngstown-Warren Road,OH,44446
Macy's,Steubenville,689,#689 #0689 #000689 #00689 689,100 Mall Drive,OH,43952
Macy's,Tarentum,690,#690 #0690 #000690 #00690 690,100 Pittsburgh Mills Circle,PA,15084
Macy's,Mentor,691,#691 #0691 #000691 #00691 691,7850 Mentor Avenue,OH,44060
Macy's,North Olmsted,692,#692 #0692 #000692 #00692 692,25801 Brookpark Road,OH,44070
Macy's,Clay,693,#693 #0693 #000693 #00693 693,4081 New York State #31,NY,13041
Macy's,Rochester,694,#694 #0694 #000694 #00694 694,1 Medley Center,NY,14622
Macy's,Altoona,695,#695 #0695 #000695 #00695 695,Route 220 and Goods Lane,PA,16602
Macy's,Pennsdale,696,#696 #0696 #000696 #00696 696,300 Lycoming Mall Circle,PA,17756
Macy's,Rochester,697,#697 #0697 #000697 #00697 697,397 Greece Ridge Center,NY,14626
Macy's,Pittsburgh,698,#698 #0698 #000698 #00698 698,3000 Robinsons Center Drive,PA,15205
Macy's,Blasdell,699,#699 #0699 #000699 #00699 699,3701 S. McKinley Parkway,NY,14219
Macy's,Elyria,700,#700 #0700 #000700 #00700 700,3000 Midway Blvd.,OH,44035
Macy's,Erie,701,#701 #0701 #000701 #00701 701,850 Mill Creek Mall,PA,16509
Macy's,State College,703,#703 #0703 #000703 #00703 703,2900 East College Avenue,PA,16801
Macy's,St. Clairsville,704,#704 #0704 #000704 #00704 704,67800 Mall Ring Road,OH,43950
Macy's,Mansfield,709,#709 #0709 #000709 #00709 709,655 Richland Mall,OH,44906
Macy's,Richmond Heights,710,#710 #0710 #000710 #00710 710,641 Richmond Road,OH,44143
Macy's,Pittsburgh,712,#712 #0712 #000712 #00712 712,1004 Ross Park Mall,PA,15237
Macy's,Sandusky,713,#713 #0713 #000713 #00713 713,4314 Milan Road,OH,44870
Macy's,New Hartford,714,#714 #0714 #000714 #00714 714,Sangertown Square Mall,NY,13413
Macy's,Hermitage,715,#715 #0715 #000715 #00715 715,3515 E. State Street,PA,16148
Macy's,DeWitt,716,#716 #0716 #000716 #00716 716,3649 Erie Boulevard,NY,13214
Macy's,Youngstown,718,#718 #0718 #000718 #00718 718,7401 Market Street,OH,44512
Macy's,Strongsville,719,#719 #0719 #000719 #00719 719,17447 Royalton Road,OH,44136
Macy's,Stow,720,#720 #0720 #000720 #00720 720,4301 Kent Road,OH,44224
Macy's,Akron,721,#721 #0721 #000721 #00721 721,3265 West Market Street,OH,44313
Macy's,Rochester,722,#722 #0722 #000722 #00722 722,20 Miracle Mile Drive,NY,14623
Macy's,Dublin,723,#723 #0723 #000723 #00723 723,5033 Tuttle Crossing Blvd.,OH,43016
Macy's,University Heights,724,#724 #0724 #000724 #00724 724,2201 Warrensville Center Road,OH,44118
Macy's,Scranton,725,#725 #0725 #000725 #00725 725,Rt. 6 Scranton-Carbondale Hwy,PA,18508
Macy's,Cheektowanga,726,#726 #0726 #000726 #00726 726,4 Walden Galleria,NY,14225
Macy's,Washington,727,#727 #0727 #000727 #00727 727,1500 West Chestnut Street,PA,15301
Macy's,Homestead,728,#728 #0728 #000728 #00728 728,162 East Bridge St.,PA,15120
Macy's,Greensburg,729,#729 #0729 #000729 #00729 729,5256 State Route 30,PA,15601
Macy's,Wilkes Barre,730,#730 #0730 #000730 #00730 730,59 Wyoming Valley Mall,PA,18702
Macy's,West Mifflin,731,#731 #0731 #000731 #00731 731,3075 Clairton Road,PA,15122
Macy's,Fort Wayne,732,#732 #0732 #000732 #00732 732,4201 Coldwater Road,IN,46805
Macy's,Indianapolis,733,#733 #0733 #000733 #00733 733,6101 North Keystone Avenue,IN,46220
Macy's,Terre Haute,735,#735 #0735 #000735 #00735 735,3401 S. US Hwy 41,IN,47802
Macy's,Muncie,736,#736 #0736 #000736 #00736 736,3501 N. Granville Avenue,IN,47303
Macy's,Merrillville,737,#737 #0737 #000737 #00737 737,2210 Southlake Mall,IN,46410
Macy's,LaFayette,738,#738 #0738 #000738 #00738 738,2415 Sagamore Parkway S,IN,47905
Macy's,Bloomington,740,#740 #0740 #000740 #00740 740,3068 East Third Street,IN,47401
Macy's,Mishawaka,742,#742 #0742 #000742 #00742 742,6501 North Grape Road,IN,46545
Macy's,Marlow Heights,744,#744 #0744 #000744 #00744 744,4101 Branch Ave.,MD,20748
Macy's,Portland,745,#745 #0745 #000745 #00745 745,12100 S.E. 82nd Avenue,OR,97086
Macy's,Salt Lake City,746,#746 #0746 #000746 #00746 746,4835 Highland Drive,UT,84117
Macy's,Portland,748,#748 #0748 #000748 #00748 748,621 South West 5th Avenue,OR,97204
Macy's,Murray,749,#749 #0749 #000749 #00749 749,6191 South State Street,UT,84107
Macy's,Portland,751,#751 #0751 #000751 #00751 751,1100 Lloyd Center,OR,97232
Macy's,Medford,753,#753 #0753 #000753 #00753 753,1800 North Riverside Drive,OR,97501
Macy's,Salem,754,#754 #0754 #000754 #00754 754,400 High Street N.E.,OR,97301
Macy's,Sandy,755,#755 #0755 #000755 #00755 755,10600 South 110 West,UT,84070
Macy's,Hillsboro,756,#756 #0756 #000756 #00756 756,2055 NW Allie Ave,OR,97124
Macy's,Orem,757,#757 #0757 #000757 #00757 757,543 East University Parkway,UT,84097
Macy's,West Valley City,758,#758 #0758 #000758 #00758 758,3601 South 2700 West,UT,84119
Macy's,Vancouver,760,#760 #0760 #000760 #00760 760,8208 N.E. Vancouver Mall Drive,WA,98662
Macy's,Tigard,761,#761 #0761 #000761 #00761 761,9300 S.W. Washington Square Road,OR,97223
Macy's,Torrance,763,#763 #0763 #000763 #00763 763,21760 Hawthorne Blvd.,CA,90503
Macy's,Glendale,764,#764 #0764 #000764 #00764 764,7600 W. Arrowhead Towne Ctr.,AZ,85308
Macy's,Baldwin Hills,765,#765 #0765 #000765 #00765 765,4005 Crenshaw Blvd.,CA,90008
Macy's,Chandler,768,#768 #0768 #000768 #00768 768,3107 West Chandler Blvd,AZ,85226
Macy's,Eagle Rock,771,#771 #0771 #000771 #00771 771,2828 Colorado Blvd.,CA,90041
Macy's,Las Vegas,774,#774 #0774 #000774 #00774 774,3200 S. Las Vegas Blvd.,NV,89109
Macy's,Redondo Beach,778,#778 #0778 #000778 #00778 778,1801 Hawthorne Blvd.,CA,90278
Macy's,Henderson,780,#780 #0780 #000780 #00780 780,1304 Sunset Road,NV,89014
Macy's,El Centro,782,#782 #0782 #000782 #00782 782,3551 South Dogwood Ave,CA,92243
Macy's,Irvine,784,#784 #0784 #000784 #00784 784,93 Fortune Dr,CA,92618
Macy's,Santa Barbara,785,#785 #0785 #000785 #00785 785,3805 State Street,CA,93105
Macy's,North Hollywood,787,#787 #0787 #000787 #00787 787,6150 Laurel Canyon Road,CA,91606
Macy's,Phoenix,789,#789 #0789 #000789 #00789 789,9700 Metro Parkway,AZ,85021
Macy's,San Diego,790,#790 #0790 #000790 #00790 790,1702 Camino Del Rio North,CA,92108
Macy's,Mission Viejo,791,#791 #0791 #000791 #00791 791,300 Shops At Mission Viejo,CA,92691
Macy's,Moreno Valley,794,#794 #0794 #000794 #00794 794,22400 Town Gate Circle,CA,92553
Macy's,El Cajon,800,#800 #0800 #000800 #00800 800,291 Fletcher Pkwy.,CA,92020
Macy's,West Covina,802,#802 #0802 #000802 #00802 802,1111 Plaza Drive,CA,91790
Macy's,National City,803,#803 #0803 #000803 #00803 803,3000 Plaza Bonita Road,CA,91950
Macy's,City of Industry,806,#806 #0806 #000806 #00806 806,1600 South Azusa Ave.,CA,91748
Macy's,Santa Maria,809,#809 #0809 #000809 #00809 809,302 Town Center East,CA,93454
Macy's,Downey,814,#814 #0814 #000814 #00814 814,400 Stonewood Street,CA,90241
Macy's,Mesa,815,#815 #0815 #000815 #00815 815,6535 E. Southern Avenue,AZ,85206
Macy's,Canoga Park,817,#817 #0817 #000817 #00817 817,21900 Vanowen Street,CA,91304
Macy's,Santa Clarita,820,#820 #0820 #000820 #00820 820,26450 McBean Pkwy,CA,91355
Macy's,Westminster,822,#822 #0822 #000822 #00822 822,300 Westminster Mall,CA,92683
Macy's,Los Angeles,823,#823 #0823 #000823 #00823 823,10730 W. Pico Blvd.,CA,90064
Macy's,Littleton,825,#825 #0825 #000825 #00825 825,8501 W. Bowles Avenue,CO,80123
Macy's,Fairview Heights,826,#826 #0826 #000826 #00826 826,200 St. Clair Square,IL,62208
Macy's,Wilmington,830,#830 #0830 #000830 #00830 830,4747 Concord Pike,DE,19803
Macy's,Dover,832,#832 #0832 #000832 #00832 832,2000 Dover Mall,DE,19901
Macy's,Voorhees,833,#833 #0833 #000833 #00833 833,6003 Voorhees Town Center,NJ,8043
Macy's,Exton,834,#834 #0834 #000834 #00834 834,245 Exton Square Parkway,PA,19341
Macy's,Moorestown,839,#839 #0839 #000839 #00839 839,400 West Rt. 38,NJ,8057
Macy's,Bensalem,841,#841 #0841 #000841 #00841 841,U.S. Rt. 1 & Bristol Rd.,PA,19020
Macy's,Philadelphia,842,#842 #0842 #000842 #00842 842,2399 Cottman Avenue,PA,19149
Macy's,Plymouth Meeting,844,#844 #0844 #000844 #00844 844,4444 Plymouth Meeting Mall,PA,19462
Macy's,Ardmore,846,#846 #0846 #000846 #00846 846,40 W. Montgomery Ave.,PA,19003
Macy's,Independence,848,#848 #0848 #000848 #00848 848,18809 E. 39th Street,MO,64057
Macy's,Leawood,849,#849 #0849 #000849 #00849 849,5100 West 119th St.,KS,66209
Macy's,Overland Park,850,#850 #0850 #000850 #00850 850,9501 Metcalf Street,KS,66212
Macy's,Kansas City,851,#851 #0851 #000851 #00851 851,400 N.W. Barry Road,MO,64155
Macy's,Overland Park,852,#852 #0852 #000852 #00852 852,11201 W. 95th Street,KS,66214
Macy's,Prairie Village,853,#853 #0853 #000853 #00853 853,4000 West 71st,KS,66206
Macy's,Chicago,855,#855 #0855 #000855 #00855 855,111 North State Street,IL,60602
Macy's,Skokie,857,#857 #0857 #000857 #00857 857,1 Old Orchard Shopping Center,IL,60077
Macy's,Wauwatosa,858,#858 #0858 #000858 #00858 858,2500 N Mayfair Road,WI,53226
Macy's,Oak Brook,860,#860 #0860 #000860 #00860 860,1 Oak Brook Center,IL,60523
Macy's,Calumet City,861,#861 #0861 #000861 #00861 861,1 River Oaks Center,IL,60409
Macy's,Schaumburg,862,#862 #0862 #000862 #00862 862,1 Woodfield Mall,IL,60173
Macy's,Vernon Hillis,863,#863 #0863 #000863 #00863 863,1 Hawthorn Center,IL,60061
Macy's,Rockford,864,#864 #0864 #000864 #00864 864,7200 Harrison Avenue,IL,61112
Macy's,Aurora,865,#865 #0865 #000865 #00865 865,1 Fox Valley Center,IL,60504
Macy's,Chicago,867,#867 #0867 #000867 #00867 867,835 North Michigan Avenue,IL,60611
Macy's,Orland Park,868,#868 #0868 #000868 #00868 868,1 Orland Square,IL,60462
Macy's,Joliet,869,#869 #0869 #000869 #00869 869,3340 Mall Loop Drive,IL,60435
Macy's,West Dundee,870,#870 #0870 #000870 #00870 870,1000 Spring Hill Mall,IL,60118
Macy's,Bloomingdale,871,#871 #0871 #000871 #00871 871,1 Stratford Square Mall,IL,60108
Macy's,Madison,872,#872 #0872 #000872 #00872 872,702 North Midvale Blvd,WI,53705
Macy's,Northbrook,873,#873 #0873 #000873 #00873 873,1555 Northbrook Court,IL,60062
Macy's,Schaumburg,874,#874 #0874 #000874 #00874 874,1200 N Meacham Road,IL,60173
Macy's,Oak Brook,875,#875 #0875 #000875 #00875 875,1717 W 22nd Street,IL,60521
Macy's,Southfield,877,#877 #0877 #000877 #00877 877,21500 Northwestern Highway,MI,48075
Macy's,Harper Woods,878,#878 #0878 #000878 #00878 878,18000 Vernier Rd,MI,48225
Macy's,Westland,880,#880 #0880 #000880 #00880 880,35000 West Warren Avenue,MI,48185
Macy's,Troy,881,#881 #0881 #000881 #00881 881,500 W 14 Mile Road,MI,48083
Macy's,Taylor,882,#882 #0882 #000882 #00882 882,23000 Eureka Road,MI,48180
Macy's,Flint,883,#883 #0883 #000883 #00883 883,4600 Miller Raod,MI,48507
Macy's,Toledo,884,#884 #0884 #000884 #00884 884,5001 Monroe Street,OH,43623
Macy's,Ann Arbor,885,#885 #0885 #000885 #00885 885,700 Briarwood Circle,MI,48104
Macy's,Kentwood,886,#886 #0886 #000886 #00886 886,3165 28th St SE,MI,49512
Macy's,Dearborn,888,#888 #0888 #000888 #00888 888,18900 Michigan Avenue,MI,48126
Macy's,Saginaw,889,#889 #0889 #000889 #00889 889,4750 Fashion Square Mall,MI,48604
Macy's,Novi,890,#890 #0890 #000890 #00890 890,27550 Novi Road,MI,48377
Macy's,Sterling Heights,891,#891 #0891 #000891 #00891 891,14200 Lakeside Circle,MI,48313
Macy's,Lansing,892,#892 #0892 #000892 #00892 892,5700 W Saginaw Highway,MI,48917
Macy's,Portage,894,#894 #0894 #000894 #00894 894,6666 S Westnedge Avenue,MI,49002
Macy's,Okemos,895,#895 #0895 #000895 #00895 895,1982 W Grand River,MI,48864
Macy's,Battle Creek,896,#896 #0896 #000896 #00896 896,5725 Beckley Road,MI,49015
Macy's,Traverse City,897,#897 #0897 #000897 #00897 897,3400 South Airport Road W,MI,49684
Macy's,Troy,898,#898 #0898 #000898 #00898 898,2750 West Big Beaver Road,MI,48084
Macy's,Ft Gratiot,899,#899 #0899 #000899 #00899 899,4440 24th Avenue,MI,48059
Macy's,Grandville,901,#901 #0901 #000901 #00901 901,3850 Rivertown Parkway,MI,49418
Macy's,Minneapolis,902,#902 #0902 #000902 #00902 902,700 On The Mall,MN,55402
Macy's,Edina,904,#904 #0904 #000904 #00904 904,100 Southdale Center,MN,55435
Macy's,Rochester,906,#906 #0906 #000906 #00906 906,901 Apache Mall,MN,55902
Macy's,Roseville,907,#907 #0907 #000907 #00907 907,900 Rosedale Center,MN,55113
Macy's,Fargo,908,#908 #0908 #000908 #00908 908,1 W ACRES CTR 3902 13TH AVE S,ND,58103
Macy's,Minnetonka,909,#909 #0909 #000909 #00909 909,12411 Wayzata Blvd,MN,55305
Macy's,St. Cloud,910,#910 #0910 #000910 #00910 910,4201 Division Street,MN,56301
Macy's,Burnsville,912,#912 #0912 #000912 #00912 912,14251 Burnhaven Drive,MN,55306
Macy's,Sioux Falls,913,#913 #0913 #000913 #00913 913,4001 West 41st Street,SD,57106
Macy's,Grand Forks,914,#914 #0914 #000914 #00914 914,2800 S Columbia Road,ND,58201
Macy's,La Crosse,915,#915 #0915 #000915 #00915 915,3900 US Hwy 16,WI,54601
Macy's,Appleton,916,#916 #0916 #000916 #00916 916,4311 W Wisconsin Avenue,WI,54913
Macy's,Eau Claire,917,#917 #0917 #000917 #00917 917,4606 Golf Road,WI,54701
Macy's,Maplewood,918,#918 #0918 #000918 #00918 918,3001 White Bear Avenue,MN,55109
Macy's,Edina,920,#920 #0920 #000920 #00920 920,7235 France Avenue South,MN,55435
Macy's,Roseville,921,#921 #0921 #000921 #00921 921,1375 Commerce Street,MN,55113
Macy's,Loveland,923,#923 #0923 #000923 #00923 923,5995 Skypond Drive,CO,80538
Macy's,Aventura,924,#924 #0924 #000924 #00924 924,19535 Biscayne Blvd.,FL,33180
Macy's,Philadelphia,925,#925 #0925 #000925 #00925 925,1300 Market Street,PA,19107
Macy's,Peoria,928,#928 #0928 #000928 #00928 928,2200 West War Memorial Drive,IL,61613
Macy's,Layton,930,#930 #0930 #000930 #00930 930,1000 Layton Hills Mall,UT,84041
Macy's,Kingston,931,#931 #0931 #000931 #00931 931,101 Independence Mall Way,MA,2364
Macy's,Denver,933,#933 #0933 #000933 #00933 933,8298 Northfield Blvd,CO,80238
Macy's,Chula Vista,934,#934 #0934 #000934 #00934 934,2015 Birch Road,CA,91944
Macy's,Palm Beach Gardens,935,#935 #0935 #000935 #00935 935,3107 PGA Blvd.,FL,33410
Macy's,Garland,937,#937 #0937 #000937 #00937 937,701 Horseshoe Drive,TX,75040
Macy's,Austin,939,#939 #0939 #000939 #00939 939,11701 North MoPac Expressway,TX,78759
Macy's,Atlanta,940,#940 #0940 #000940 #00940 940,4300 Ashford Dunwoody Road,GA,30346
Macy's,Bolingbrook,942,#942 #0942 #000942 #00942 942,645 Boughton Road,IL,60440
Macy's,Collierville,943,#943 #0943 #000943 #00943 943,Avenue Carriage Crossing,TN,38017
Macy's,Lake Grove,948,#948 #0948 #000948 #00948 948,580 Smith Haven Mall,NY,11755
Macy's,Honolulu,955,#955 #0955 #000955 #00955 955,"1450 Ala Moana Blvd., Suite 2074",HI,96814
Macy's,Denver,956,#956 #0956 #000956 #00956 956,2500 E. 1st Ave,CO,80206
Macy's,Montebello,957,#957 #0957 #000957 #00957 957,2000 Montebello Town Center,CA,90640
Macy's,Torrance,958,#958 #0958 #000958 #00958 958,21800 Hawthorne Blvd,CA,90503
Macy's,Palm Desert,959,#959 #0959 #000959 #00959 959,72810 Highway 111,CA,92260
Macy's,Pearland,961,#961 #0961 #000961 #00961 961,11200 Broadway,TX,77584
Macy's,Westminster,963,#963 #0963 #000963 #00963 963,14535 Delaware Street,CO,80023
Macy's,Tigard,967,#967 #0967 #000967 #00967 967,9009 SW Hall Blvd.,OR,97223
Macy's,Wesley Chapel,968,#968 #0968 #000968 #00968 968,2230 Bruce B Downs Blvd,FL,33543
Macy's,Metarie,969,#969 #0969 #000969 #00969 969,3301 Veterans Memorial Boulevard,LA,70002
Macy's,Overland Park,970,#970 #0970 #000970 #00970 970,11201 West 95th Street,KS,66214
Macy's,Centennial,971,#971 #0971 #000971 #00971 971,6797 South Vine Street,CO,80122
Macy's,Woodland Hills,973,#973 #0973 #000973 #00973 973,6101 Owensmouth Avenue,CA,91367
Macy's,Gilbert,975,#975 #0975 #000975 #00975 975,2190 East Williams Field Road,AZ,85295
Macy's,Lee%27s Summit,977,#977 #0977 #000977 #00977 977,900 NW Blue Parkway,MO,64086
Macy's,Fairview,979,#979 #0979 #000979 #00979 979,201 Stacy Road,TX,75069
Macy's,Humble,981,#981 #0981 #000981 #00981 981,20131 Highway 59 N,TX,77338
Macy's,Fresno,983,#983 #0983 #000983 #00983 983,7890 N. Blackstone Ave,CA,93720
Macy's,Visalia,985,#985 #0985 #000985 #00985 985,2211 S. Mooney Blvd.,CA,93277
Macy's,Palmdale,988,#988 #0988 #000988 #00988 988,1123 Rancho Vista Blvd,CA,93551
Macy's,Tracy,989,#989 #0989 #000989 #00989 989,3400 Naglee Road,CA,95304
Macy's,Greendale,990,#990 #0990 #000990 #00990 990,5300 S. 76th Street,WI,53129
Macy's,Salt Lake City,991,#991 #0991 #000991 #00991 991,21 South Main Street,UT,84111
Macy's,Victorville,993,#993 #0993 #000993 #00993 993,14580 Bear Valley Road,CA,92392
Macy's,Gurnee,996,#996 #0996 #000996 #00996 996,6124 West Grand Avenue,IL,60031
Macy's,Palm Beach Gardens,1004,#1004 #01004 #0001004 #001004 1004,3107 PGA Blvd,FL,33410
